Group No,Group Name,Name,Sub Name,Repeater Call Sign,Gateway Call Sign,Frequency,Dup,Offset,Mode,TONE,Repeater Tone,RPT1USE,Position,Latitude,Longitude,UTC Offset
1,X1 Valle d'Aosta FM,Courmayeur (AO),R0,R0,,145.600000,DUP-,0.600000,FM,74.4,TONE,74.4Hz,YES,Approximate,45.770833,6.958333,--:--
1,X1 Valle d'Aosta FM,Saint Vincent (AO),R6,R6,,145.750000,DUP-,0.600000,FM,74.4,TONE,74.4Hz,YES,Approximate,45.770833,7.625000,--:--
3,1 Piemonte FM,Belforte Monferrato (AL),T,T,,144.512500,OFF,0.000000,FM,82.5,TONE,82.5Hz,YES,Approximate,44.604167,8.625000,--:--
3,1 Piemonte FM,Paroldo (CN),RV,RV,,145.487500,DUP-,0.600000,FM,82.5,TONE,82.5Hz,YES,Approximate,44.437500,8.041667,--:--
3,1 Piemonte FM,M. Cimolo (VCO),RV-1a,RV-1a,,145.587500,DUP-,0.600000,FM,131.8,TONE,131.8Hz,YES,Approximate,45.979167,8.625000,--:--
3,1 Piemonte FM,Cossato (BI),R0,R0,,145.600000,DUP-,0.600000,FM,82.5,TONE,82.5Hz,YES,Approximate,45.562500,8.208333,--:--
3,1 Piemonte FM,Cesana Torinese (TO),R0,R0,,145.600000,DUP-,0.600000,FM,123.0,TONE,123.0Hz,YES,Approximate,44.937500,6.791667,--:--
3,1 Piemonte FM,Frassinetto (TO),R0,R0,,145.600000,DUP-,0.600000,FM,127.3,TONE,127.3Hz,YES,Approximate,45.437500,7.625000,--:--
3,1 Piemonte FM,Prarostino (TO),R0,R0,,145.600000,DUP-,0.600000,FM,88.5,OFF,88.5Hz,YES,Approximate,44.854167,7.291667,--:--
3,1 Piemonte FM,M. Mottarone (VCO),R0a,R0a,,145.612500,DUP-,0.600000,FM,127.3,TONE,127.3Hz,YES,Approximate,45.895833,8.458333,--:--
3,1 Piemonte FM,Asti,R1a,R1a,,145.637500,DUP-,0.600000,FM,88.5,OFF,88.5Hz,YES,Approximate,44.895833,8.208333,--:--
3,1 Piemonte FM,Aquila di Giaveno (TO),R2,R2,,145.650000,DUP-,0.600000,FM,82.5,TONE,82.5Hz,YES,Approximate,45.020833,7.291667,--:--
3,1 Piemonte FM,Roccaverano (AT),R2a,R2a,,145.662500,DUP-,0.600000,FM,127.3,TONE,127.3Hz,YES,Approximate,44.770833,7.291667,--:--
3,1 Piemonte FM,Pino Torinese (TO),R4,R4,,145.700000,DUP-,0.600000,FM, ,OFF,88.5Hz,YES,Approximate,45.020833,7.791667,--:--
3,1 Piemonte FM,Alpe Colombino - Giaveno (TO),R4,R4,,145.700000,DUP-,0.600000,FM,82.5,TONE,82.5Hz,YES,Approximate,45.020833,7.291667,--:--
3,1 Piemonte FM,M.Dago-Nizza Monferrato (AT) ,R4a,R4a,,145.712500,DUP-,0.600000,FM,82.5 ,TONE,82.5Hz,YES,Approximate,44.687500,8.375000,--:--
3,1 Piemonte FM,Susa (TO),R5,R5,,145.725000,DUP-,0.600000,FM,123.0,TONE,123.0Hz,YES,Approximate,45.145833,7.041667,--:--
3,1 Piemonte FM,Costigliole d'Asti (AT),R5a,R5a,,145.737500,DUP-,0.600000,FM,82.5 ,TONE,82.5Hz,YES,Approximate,44.812500,8.208333,--:--
3,1 Piemonte FM,Bagnolo Piemonte (CN),R6,R6,,145.750000,DUP-,0.600000,FM,82.5 ,TONE,82.5Hz,YES,Approximate,44.770833,7.291667,--:--
3,1 Piemonte FM,M.Moncucco (VCO),R6,R6,,145.750000,DUP-,0.600000,FM,67.0,TONE,67.0Hz,YES,Approximate,46.104167,8.291667,--:--
3,1 Piemonte FM,Fracconalto (AL),R6a,R6a,,145.762500,DUP-,0.600000,FM,162.2,TONE,162.2Hz,YES,Approximate,44.604167,8.875000,--:--
3,1 Piemonte FM,Sestriere (TO),R6a,R6a,,145.762500,DUP-,0.600000,FM,107.2,TONE,107.2Hz,YES,Approximate,44.979167,6.875000,--:--
3,1 Piemonte FM,Torino,R6a,R6a,,145.762500,DUP-,0.600000,FM,67.0,TONE,67.0Hz,YES,Approximate,45.104167,7.708333,--:--
3,1 Piemonte FM,M.Mottarone (VCO),R6a,R6a,,145.762500,DUP-,0.600000,FM,88.5,OFF,88.5Hz,YES,Approximate,45.854167,8.458333,--:--
3,1 Piemonte FM,Stazzano (AL),R7,R7,,145.775000,DUP-,0.600000,FM,82.5 ,TONE,82.5Hz,YES,Approximate,44.729167,8.875000,--:--
3,1 Piemonte FM,Trontano (VCO),RU1,RU1,,430.025000,DUP+,1.600000,FM,82.5,TONE,82.5Hz,YES,Approximate,46.104167,8.291667,--:--
3,1 Piemonte FM,Mornasco (AL),RU2a,RU2a,,430.062500,DUP+,1.600000,FM,82.5,TONE,82.5Hz,YES,Approximate,44.645833,8.791667,--:--
3,1 Piemonte FM,Mondovi' (CN),RU3,RU3,,430.075000,DUP+,1.600000,FM,82.5,TONE,82.5Hz,YES,Approximate,44.354167,7.791667,--:--
3,1 Piemonte FM,Asti ,RU5,RU5,,430.125000,DUP+,5.000000,FM,127.3,TONE,127.3Hz,YES,Approximate,44.895833,8.208333,--:--
3,1 Piemonte FM,Corio (TO),RU6,RU6,,430.150000,DUP+,1.600000,FM,82.5,TONE,82.5Hz,YES,Approximate,45.354167,7.541667,--:--
3,1 Piemonte FM,M. Mottarone (VCO),RU6a,RU6a,,430.162500,DUP+,1.600000,FM,127.3,TONE,127.3Hz,YES,Approximate,45.895833,8.458333,--:--
3,1 Piemonte FM,Novi Ligure (AL),RU7,RU7,,430.175000,DUP+,1.600000,FM,82.5 ,TONE,82.5Hz,YES,Approximate,44.770833,8.791667,--:--
3,1 Piemonte FM,La Morra (CN),RU8a,RU8a,,430.212500,DUP+,1.600000,FM,82.5,TONE,82.5Hz,YES,Approximate,44.645833,7.958333,--:--
3,1 Piemonte FM,M.Moncucco (VCO),RU8a,RU8a,,430.212500,DUP+,1.600000,FM,127.3,TONE,127.3Hz,YES,Approximate,46.104167,8.291667,--:--
3,1 Piemonte FM,Acqui Terme (AL),RU9,RU9,,430.225000,DUP+,1.600000,FM,94.8,TONE,94.8Hz,YES,Approximate,44.604167,8.375000,--:--
3,1 Piemonte FM,Perosa Argentina (TO),RU10,RU10,,430.250000,DUP+,5.000000,FM,82.5,TONE,82.5Hz,YES,Approximate,44.937500,7.208333,--:--
3,1 Piemonte FM,Serravalle (CN),RU10a,RU10a,,430.262500,DUP+,1.600000,FM,82.5,TONE,82.5Hz,YES,Approximate,44.562500,8.041667,--:--
3,1 Piemonte FM,Sampeyre (CN),RU11,RU11,,430.275000,DUP+,1.600000,FM,82.5,TONE,82.5Hz,YES,Approximate,44.562500,7.208333,--:--
3,1 Piemonte FM,Neviglie (CN),RU11a,RU11a,,430.287500,DUP+,1.600000,FM,82.5,TONE,82.5Hz,YES,Approximate,44.687500,8.125000,--:--
3,1 Piemonte FM,Roccabruna (CN),RU12 ,RU12 ,,430.300000,DUP+,1.600000,FM,82.5,TONE,82.5Hz,YES,Approximate,44.479167,7.291667,--:--
3,1 Piemonte FM,Angrogna - Val Pellice (TO),RU12a,RU12a,,430.312500,DUP+,5.000000,FM,82.5,TONE,82.5Hz,YES,Approximate,44.854167,7.208333,--:--
3,1 Piemonte FM,Asti,RU13a,RU13a,,430.337500,DUP+,5.000000,FM,127.3,TONE,127.3Hz,YES,Approximate,44.895833,8.208333,--:--
3,1 Piemonte FM,Loazzolo (AT),RU13a,RU13a,,430.337500,DUP+,5.000000,FM,127.3,TONE,127.3Hz,YES,Approximate,44.687500,8.291667,--:--
3,1 Piemonte FM,Belforte M.to (AL),RU14a,RU14a,,430.362500,DUP+,1.600000,FM,82.5,TONE,82.5Hz,YES,Approximate,44.604167,8.625000,--:--
3,1 Piemonte FM,Bagnolo Piemonte-Montoso (CN),RU,RU,,430.425000,DUP+,5.000000,FM,82.5,TONE,82.5Hz,YES,Approximate,44.770833,7.291667,--:--
3,1 Piemonte FM,Colle di Rucas (CN),RU,RU,,430.450000,DUP+,5.000000,FM,127.3,TONE,127.3Hz,YES,Approximate,44.604167,8.291667,--:--
3,1 Piemonte FM,Bagnolo Piemonte (CN),RU,RU,,430.600000,DUP+,5.000000,FM,127.3,TONE,127.3Hz,YES,Approximate,44.770833,7.291667,--:--
3,1 Piemonte FM,Torino,RU,RU,,430.612500,DUP+,5.000000,FM,67.0,TONE,67.0Hz,YES,Approximate,45.104167,7.708333,--:--
3,1 Piemonte FM,M.Malanotte  (CN),RU,RU,,430.650000,DUP+,5.000000,FM, ,OFF,88.5Hz,YES,Approximate,44.270833,7.791667,--:--
3,1 Piemonte FM,Mombaruzzo (AT),RU,RU,,430.787500,DUP+,5.000000,FM,82.5,TONE,82.5Hz,YES,Approximate,44.770833,8.458333,--:--
3,1 Piemonte FM,Celle-Villardora (TO),RU16a,RU16a,,431.237500,DUP+,1.600000,FM,94.8,TONE,94.8Hz,YES,Approximate,45.145833,7.375000,--:--
3,1 Piemonte FM,Acqui Terme (AL),RU24,RU24,,431.425000,DUP+,1.600000,FM,82.5,TONE,82.5Hz,YES,Approximate,44.687500,8.458333,--:--
3,1 Piemonte FM,Coniolo (AL),RU25a,RU25a,,431.462500,DUP+,1.600000,FM,82.5,TONE,82.5Hz,YES,Approximate,45.145833,8.375000,--:--
3,1 Piemonte FM,M.Mottarone (VCO),RU28,RU28,,431.525000,DUP+,1.600000,FM,67.0,TONE,67.0Hz,YES,Approximate,45.895833,8.458333,--:--
3,1 Piemonte FM,Ovada (AL),T,T,,435.212500,OFF,0.000000,FM,110.9,TONE,110.9Hz,YES,Approximate,44.604167,8.625000,--:--
2,1 Liguria FM,Masone (GE),T,T,,144.612500,OFF,0.000000,FM,82.5,TONE,82.5Hz,YES,Approximate,44.479167,8.708333,--:--
2,1 Liguria FM,Pegli (GE),T,T,,144.675000,OFF,0.000000,FM,162.2,TONE,162.2Hz,YES,Approximate,44.437500,8.791667,--:--
2,1 Liguria FM,Rossiglione (GE),T,T,,145.212500,OFF,0.000000,FM,82.5,TONE,82.5Hz,YES,Approximate,44.562500,8.708333,--:--
2,1 Liguria FM,M.Telegrafo - Busalla (GE),T out,T out,,145.225000,OFF,0.000000,FM,110.9,TONE,110.9Hz,YES,Approximate,44.562500,8.875000,--:--
2,1 Liguria FM,Cilona - Busalla (GE),T,T,,145.312500,OFF,0.000000,FM,110,9,TONE,110.9Hz,YES,Approximate,44.562500,8.958333,--:--
2,1 Liguria FM,M.Leco (GE),RV,RV,,145.437500,DUP-,0.600000,FM,110.9,TONE,110.9Hz,YES,Approximate,44.562500,8.875000,--:--
2,1 Liguria FM,M.Maggio (GE),T,T,,145.437500,OFF,0.000000,FM,110.9,TONE,110.9Hz,YES,Approximate,44.562500,9.041667,--:--
2,1 Liguria FM,Val Tanaro (IM),RV-1,RV-1,,145.575000,DUP-,0.600000,FM,110.9,TONE,110.9Hz,YES,Approximate,44.145833,7.958333,--:--
2,1 Liguria FM,M.Roveto-Busalla (GE),RV-1a,RV-1a,,145.587500,DUP-,0.600000,FM,110.9,TONE,110.9Hz,YES,Approximate,44.604167,8.958333,--:--
2,1 Liguria FM,M.Faudo (IM),R0,R0,,145.600000,DUP-,0.600000,FM,110.9,TONE,110.9Hz,YES,Approximate,43.895833,7.875000,--:--
2,1 Liguria FM,Genova,R1,R1,,145.625000,DUP-,0.600000,FM,,OFF,88.5Hz,YES,Approximate,44.395833,8.958333,--:--
2,1 Liguria FM,Lorsica (GE),R1a,R1a,,145.637500,DUP-,0.600000,FM,,OFF,88.5Hz,YES,Approximate,44.437500,9.208333,--:--
2,1 Liguria FM,Cosseria (SV),R1a,R1a,,145.637500,DUP-,0.600000,FM,110.9/162.2 loc,OFF,88.5Hz,YES,Approximate,44.354167,8.208333,--:--
2,1 Liguria FM,M.Bignone (IM),R2,R2,,145.650000,DUP-,0.600000,FM,110.9,TONE,110.9Hz,YES,Approximate,43.854167,7.708333,--:--
2,1 Liguria FM,Bardineto (SV),R2a,R2a,,145.662500,DUP-,0.600000,FM,110.9/162.2 loc,OFF,88.5Hz,YES,Approximate,44.062500,8.375000,--:--
2,1 Liguria FM,M.Beigua (SV),R3,R3,,145.675000,DUP-,0.600000,FM,162.2 tx,OFF,88.5Hz,YES,Approximate,44.437500,8.541667,--:--
2,1 Liguria FM,Tigullio (GE),R3a,R3a,,145.687500,DUP-,0.600000,FM,110.9,TONE,110.9Hz,YES,Approximate,44.270833,9.541667,--:--
2,1 Liguria FM,M.Figogna (GE),R4,R4,,145.700000,DUP-,0.600000,FM,110.9,TONE,110.9Hz,YES,Approximate,44.437500,8.875000,--:--
2,1 Liguria FM,Sanremo (IM),R4,R4,,145.700000,DUP-,0.600000,FM,162.2,TONE,162.2Hz,YES,Approximate,43.812500,7.708333,--:--
2,1 Liguria FM,M.Fasce (GE),R5,R5,,145.725000,DUP-,0.600000,FM,110.9,TONE,110.9Hz,YES,Approximate,44.395833,9.041667,--:--
2,1 Liguria FM,Pizzo d'Evigno - Stellanello,R5a,R5a,,145.737500,DUP-,0.600000,FM,162.2,TONE,162.2Hz,YES,Approximate,44.020833,8.041667,--:--
2,1 Liguria FM,Rapallo (GE),R6,R6,,145.750000,DUP-,0.600000,FM,110.9,TONE,110.9Hz,YES,Approximate,44.354167,9.208333,--:--
2,1 Liguria FM,M.Tirasso - Alassio (SV) (SV),R6a,R6a,,145.762500,DUP-,0.600000,FM,110.9/162.2 loc,OFF,88.5Hz,YES,Approximate,44.020833,8.125000,--:--
2,1 Liguria FM,Dolcedo (IM),R7,R7,,145.775000,DUP-,0.600000,FM,162.2,TONE,162.2Hz,YES,Approximate,43.895833,7.875000,--:--
2,1 Liguria FM,Imperia,R7,R7,,145.775000,DUP-,0.600000,FM,110.9,TONE,110.9Hz,YES,Approximate,43.895833,8.041667,--:--
2,1 Liguria FM,Perinaldo (IM),R7a,R7a,,145.787500,DUP-,0.600000,FM, ,OFF,88.5Hz,YES,Approximate,43.854167,7.625000,--:--
2,1 Liguria FM,Finale Ligure (SV),R7a,R7a,,145.787500,DUP-,0.600000,FM,110.9/162.2 loc,OFF,88.5Hz,YES,Approximate,44.187500,8.375000,--:--
2,1 Liguria FM,Cogorno (GE),RU0a,RU0a,,430.012500,DUP+,5.000000,FM,,OFF,88.5Hz,YES,Approximate,44.312500,9.375000,--:--
2,1 Liguria FM,Cosseria (SV),RU1,RU1,,430.025000,DUP+,1.600000,FM, ,OFF,88.5Hz,YES,Approximate,44.354167,8.208333,--:--
2,1 Liguria FM,M.Roveto - Busalla (GE),RU2,RU2,,430.050000,DUP+,5.000000,FM,110.9,TONE,110.9Hz,YES,Approximate,44.604167,8.958333,--:--
2,1 Liguria FM,Montegrosso Pian Latte (IM),RU2a,RU2a,,430.062500,DUP+,5.000000,FM,110.9,TONE,110.9Hz,YES,Approximate,44.062500,7.791667,--:--
2,1 Liguria FM,Spotorno (SV),RU3,RU3,,430.075000,DUP+,1.600000,FM,110.9/162.2 loc,OFF,88.5Hz,YES,Approximate,44.187500,8.375000,--:--
2,1 Liguria FM,San Nicolao (SP),RU3a,RU3a,,430.087500,DUP+,1.600000,FM,110.9,TONE,110.9Hz,YES,Approximate,44.270833,9.541667,--:--
2,1 Liguria FM,M.Fasce (GE),RU5,RU5,,430.125000,DUP+,1.600000,FM,110.9 ,TONE,110.9Hz,YES,Approximate,44.395833,9.125000,--:--
2,1 Liguria FM,M.Figogna (GE),RU6,RU6,,430.150000,DUP+,1.600000,FM,110.9 ,TONE,110.9Hz,YES,Approximate,44.437500,8.875000,--:--
2,1 Liguria FM,T. Marconi-Sestri Levante (GE),RU7,RU7,,430.175000,DUP+,1.600000,FM, ,OFF,88.5Hz,YES,Approximate,44.270833,9.375000,--:--
2,1 Liguria FM,Finale Ligure (SV),RU7,RU7,,430.175000,DUP+,1.600000,FM,162.2,TONE,162.2Hz,YES,Approximate,44.187500,8.375000,--:--
2,1 Liguria FM,Santa Margherita Ligure (GE),RU7a,RU7a,,430.187500,DUP+,5.000000,FM,110.9,TONE,110.9Hz,YES,Approximate,44.354167,9.208333,--:--
2,1 Liguria FM,Bardineto (SV),RU8,RU8,,430.200000,DUP+,5.000000,FM,,OFF,88.5Hz,YES,Approximate,44.187500,8.125000,--:--
2,1 Liguria FM,Sant'Olcese (GE),RU11,RU11,,430.275000,DUP+,5.000000,FM,110.9,TONE,110.9Hz,YES,Approximate,44.479167,8.958333,--:--
2,1 Liguria FM,Val Tanaro (IM),RU15a,RU15a,,430.387500,DUP+,5.000000,FM,110.9,TONE,110.9Hz,YES,Approximate,44.145833,7.958333,--:--
2,1 Liguria FM,M.Leco (GE),RU,RU,,430.462500,DUP+,5.000000,FM,110.9,TONE,110.9Hz,YES,Approximate,44.562500,8.875000,--:--
2,1 Liguria FM,Albenga (SV),RU,RU,,430.475000,DUP+,5.000000,FM,110.9,TONE,110.9Hz,YES,Approximate,44.020833,8.208333,--:--
2,1 Liguria FM,M.Maggio - Savignone (GE),RU,RU,,430.487500,DUP+,5.000000,FM,110.9,TONE,110.9Hz,YES,Approximate,44.562500,9.041667,--:--
2,1 Liguria FM,Val di Vara (SP),RU,RU,,430.575000,DUP+,5.000000,FM,110.9,TONE,110.9Hz,YES,Approximate,44.354167,9.708333,--:--
2,1 Liguria FM,M.Telegrafo - Busalla (GE),RU,RU,,430.625000,DUP+,5.000000,FM,110.9,TONE,110.9Hz,YES,Approximate,44.562500,8.875000,--:--
2,1 Liguria FM,M.Maggio - Savignone (GE),RU,RU,,430.837500,DUP+,5.000000,FM,110.9,TONE,110.9Hz,YES,Approximate,44.562500,9.041667,--:--
2,1 Liguria FM,Pegli (GE),T,T,,433.487500,OFF,0.000000,FM,162.2,TONE,162.2Hz,YES,Approximate,44.437500,8.791667,--:--
4,2 Lombardia FM,M.Pora (BG),T,T,,144.650000,OFF,0.000000,FM,71.9,TONE,71.9Hz,YES,Approximate,45.895833,10.125000,--:--
4,2 Lombardia FM,Darfo (BS),T,T,,145.212500,OFF,0.000000,FM,71.9,TONE,71.9Hz,YES,Approximate,45.854167,10.208333,--:--
4,2 Lombardia FM,Pigra - Valle d'Intelvi (CO),T,T,,145.350000,OFF,0.000000,FM,156.7,TONE,156.7Hz,YES,Approximate,45.937500,9.125000,--:--
4,2 Lombardia FM,Gallarate (VA),RV-1a,RV-1a,,145.587500,DUP-,0.600000,FM,156.7,TONE,156.7Hz,YES,Approximate,45.687500,8.791667,--:--
4,2 Lombardia FM,M.Maddalena (BS),R1,R1,,145.625000,DUP-,0.600000,FM,71.9 ,TONE,71.9Hz,YES,Approximate,45.562500,10.291667,--:--
4,2 Lombardia FM,Gravedona ed Uniti (CO),R1a,R1a,,145.637500,DUP-,0.600000,FM,71.9 ,TONE,71.9Hz,YES,Approximate,46.145833,9.291667,--:--
4,2 Lombardia FM,M.Penice (PV),R2,R2,,145.650000,DUP-,0.600000,FM,156.7,TONE,156.7Hz,YES,Approximate,44.770833,9.291667,--:--
4,2 Lombardia FM,Corni di Canzo (LC),R2a,R2a,,145.662500,DUP-,0.600000,FM,71.9 ,TONE,71.9Hz,YES,Approximate,45.854167,9.291667,--:--
4,2 Lombardia FM,Monte della Neve - Livigno (SO),R2a,R2a,,145.662500,DUP-,0.600000,FM, ,OFF,88.5Hz,YES,Approximate,46.479167,10.125000,--:--
4,2 Lombardia FM,San Felice del Benaco (BS),R3a,R3a,,145.687500,DUP-,0.600000,FM,156.7,TONE,156.7Hz,YES,Approximate,45.604167,10.541667,--:--
4,2 Lombardia FM,M.Rolla (SO),R3a,R3a,,145.687500,DUP-,0.600000,FM,156.7,TONE,156.7Hz,YES,Approximate,46.187500,9.875000,--:--
4,2 Lombardia FM,Azzano S.Paolo (BG),R4,R4,,145.700000,DUP-,0.600000,FM, ,OFF,88.5Hz,YES,Approximate,45.645833,9.708333,--:--
4,2 Lombardia FM,Cigolino - Chiavenna (SO),R4,R4,,145.700000,DUP-,0.600000,FM,71.9,TONE,71.9Hz,YES,Approximate,46.312500,9.375000,--:--
4,2 Lombardia FM,M.Bisbino (CO),R4a,R4a,,145.712500,DUP-,0.600000,FM,71.9 ,TONE,71.9Hz,YES,Approximate,45.854167,9.041667,--:--
4,2 Lombardia FM,Milano - Pirelli,R5,R5,,145.725000,DUP-,0.600000,FM,71.9 ,TONE,71.9Hz,YES,Approximate,45.479167,9.208333,--:--
4,2 Lombardia FM,Aprica -Magnolta (SO),R5,R5,,145.725000,DUP-,0.600000,FM, ,OFF,88.5Hz,YES,Approximate,46.145833,10.125000,--:--
4,2 Lombardia FM,Campo dei Fiori (VA),R5a,R5a,,145.737500,DUP-,0.600000,FM,71.9 ,TONE,71.9Hz,YES,Approximate,45.854167,8.791667,--:--
4,2 Lombardia FM,Cernusco S.N. (MI),R6,R6,,145.750000,DUP-,0.600000,FM,71.9,TONE,71.9Hz,YES,Approximate,45.520833,9.291667,--:--
4,2 Lombardia FM,Sellero (BS),R6a,R6a,,145.762500,DUP-,0.600000,FM,71.9,TONE,71.9Hz,YES,Approximate,46.062500,10.291667,--:--
4,2 Lombardia FM,Madesimo (SO),R7,R7,,145.775000,DUP-,0.600000,FM,71.9,TONE,71.9Hz,YES,Approximate,46.437500,9.375000,--:--
4,2 Lombardia FM,San Giovanni Bianco (BG),R7a,R7a,,145.787500,DUP-,0.600000,FM,156.7,TONE,156.7Hz,YES,Approximate,45.895833,9.708333,--:--
4,2 Lombardia FM,M.Boletto (CO),R7a,R7a,,145.787500,DUP-,0.600000,FM,71.9,TONE,71.9Hz,YES,Approximate,45.812500,9.125000,--:--
4,2 Lombardia FM,M.Penice (PV),RU3,RU3,,430.075000,DUP+,1.600000,FM,156.7,TONE,156.7Hz,YES,Approximate,44.770833,9.291667,--:--
4,2 Lombardia FM,Bergamo,RU6,RU6,,430.150000,DUP+,1.600000,FM,,OFF,88.5Hz,YES,Approximate,45.687500,9.625000,--:--
4,2 Lombardia FM,M.Falecchio - Onore (BG),RU6a,RU6a,,430.162500,DUP+,1.600000,FM,71.9 ,TONE,71.9Hz,YES,Approximate,45.895833,10.041667,--:--
4,2 Lombardia FM,Milano - Pirelli,RU7,RU7,,430.175000,DUP+,1.600000,FM,71.9 ,TONE,71.9Hz,YES,Approximate,45.479167,9.208333,--:--
4,2 Lombardia FM,Roncola (BG),RU8,RU8,,430.200000,DUP+,1.600000,FM,71.9 ,TONE,71.9Hz,YES,Approximate,45.729167,9.541667,--:--
4,2 Lombardia FM,Milano - Missaglia,RU10a,RU10a,,430.262500,DUP+,5.000000,FM,71.9,TONE,71.9Hz,YES,Approximate,45.437500,9.208333,--:--
4,2 Lombardia FM,M. Guglielmo (BS),RU11,RU11,,430.275000,DUP+,1.600000,FM,71.9,TONE,71.9Hz,YES,Approximate,45.770833,10.208333,--:--
4,2 Lombardia FM,Civo (SO),RU11,RU11,,430.275000,DUP+,5.000000,FM,71.9,TONE,71.9Hz,YES,Approximate,46.187500,9.625000,--:--
4,2 Lombardia FM,Cermeledo (SO),RU12,RU12,,430.300000,DUP+,5.000000,FM,88.5,OFF,88.5Hz,YES,Approximate,46.145833,9.625000,--:--
4,2 Lombardia FM,Magenta (MI),RU12a,RU12a,,430.312500,DUP+,1.600000,FM,71.9,TONE,71.9Hz,YES,Approximate,45.479167,8.875000,--:--
4,2 Lombardia FM,Roncola (BG),RU13,RU13,,430.325000,DUP+,1.600000,FM,71.9 ,TONE,71.9Hz,YES,Approximate,45.729167,9.541667,--:--
4,2 Lombardia FM,M.Penice (PV),RU19,RU19,,431.300000,DUP+,1.600000,FM,71.9,TONE,71.9Hz,YES,Approximate,44.770833,9.291667,--:--
4,2 Lombardia FM,Sacro Monte - Varese,RU29a,RU29a,,431.562500,DUP+,1.600000,FM,71.9,TONE,71.9Hz,YES,Approximate,45.854167,8.791667,--:--
4,2 Lombardia FM,Pigra - Valle d'Intelvi (CO),T,T,,433.512500,OFF,0.000000,FM,156.7,TONE,156.7Hz,YES,Approximate,45.937500,9.125000,--:--
4,2 Lombardia FM,Darfo (BS),T,T,,435.112500,OFF,0.000000,FM,71.9,TONE,71.9Hz,YES,Approximate,45.854167,10.208333,--:--
5,3 Veneto FM,Val di Zoldo (BL),RV,RV,,144.887500,DUP+,0.600000,FM,94.8,TONE,94.8Hz,YES,Approximate,46.354167,12.125000,--:--
5,3 Veneto FM,Monastier (TV),RV,RV,,144.950000,DUP+,0.600000,FM,131.8,TONE,131.8Hz,YES,Approximate,45.937500,12.041667,--:--
5,3 Veneto FM,M.Marmolada (BL),T,T,,145.287500,OFF,0.000000,FM,131.8,TONE,131.8Hz,YES,Approximate,46.437500,11.875000,--:--
5,3 Veneto FM,Gosaldo (BL),T,T,,145.350000,OFF,0.000000,FM,127.3,TONE,127.3Hz,YES,Approximate,46.229167,11.958333,--:--
5,3 Veneto FM,Selva di Cadore (BL),T,T,,145.375000,OFF,0.000000,FM,94.8,TONE,94.8Hz,YES,Approximate,46.437500,12.041667,--:--
5,3 Veneto FM,Cerealto (VI),RV,RV,,145.562500,DUP-,0.600000,FM,94.8,TONE,94.8Hz,YES,Approximate,45.604167,11.291667,--:--
5,3 Veneto FM,M.Grappa (VI),R0a,R0a,,145.612500,DUP-,0.600000,FM,,OFF,88.5Hz,YES,Approximate,45.854167,11.708333,--:--
5,3 Veneto FM,M.Tudaio - Laggio di Cadore (BL),R1,R1,,145.625000,DUP-,0.600000,FM,131.8,TONE,131.8Hz,YES,Approximate,46.520833,12.458333,--:--
5,3 Veneto FM,Venezia,R1,R1,,145.625000,DUP-,0.600000,FM,,OFF,88.5Hz,YES,Approximate,45.437500,12.375000,--:--
5,3 Veneto FM,Malga M. Corno - Lusiana (VI),R3,R3,,145.675000,DUP-,0.600000,FM,94.8,TONE,94.8Hz,YES,Approximate,45.770833,11.541667,--:--
5,3 Veneto FM,Bassano del Grappa (VI),R5,R5,,145.725000,DUP-,0.600000,FM, ,OFF,88.5Hz,YES,Approximate,45.770833,11.708333,--:--
5,3 Veneto FM,Bosco Chiesa Nuova (VR),R5,R5,,145.725000,DUP-,0.600000,FM,94.8 ,TONE,94.8Hz,YES,Approximate,45.604167,11.041667,--:--
5,3 Veneto FM,M.Pastelletto (VR),R7,R7,,145.775000,DUP-,0.600000,FM,94.8,TONE,94.8Hz,YES,Approximate,45.604167,10.875000,--:--
5,3 Veneto FM,M.Rite (BL),R7a,R7a,,145.787500,DUP-,0.600000,FM,131.8,TONE,131.8Hz,YES,Approximate,46.395833,12.208333,--:--
5,3 Veneto FM,Belluno ,RU1,RU1,,430.025000,DUP+,1.600000,FM,94.8,TONE,94.8Hz,YES,Approximate,46.145833,12.208333,--:--
5,3 Veneto FM,M.Grappa (VI),RU1,RU1,,430.025000,DUP+,1.600000,FM,,OFF,88.5Hz,YES,Approximate,45.812500,11.708333,--:--
5,3 Veneto FM,M.Baldo (VR),RU2,RU2,,430.050000,DUP+,5.025000,FM,94.8,TONE,94.8Hz,YES,Approximate,45.729167,10.875000,--:--
5,3 Veneto FM,M.Rite (BL),RU2a,RU2a,,430.062500,DUP+,1.600000,FM, ,OFF,88.5Hz,YES,Approximate,46.479167,12.291667,--:--
5,3 Veneto FM,Posa Puner (TV),RU5,RU5,,430.125000,DUP+,1.600000,FM,82,5,TONE,82.5Hz,YES,Approximate,45.937500,12.041667,--:--
5,3 Veneto FM,Col Visentin (TV),RU6a,RU6a,,430.162500,DUP+,1.600000,FM, ,OFF,88.5Hz,YES,Approximate,46.062500,12.291667,--:--
5,3 Veneto FM,M.Faverghera (BL),RU7a,RU7a,,430.187500,DUP+,1.600000,FM,94.8,TONE,94.8Hz,YES,Approximate,46.062500,12.291667,--:--
5,3 Veneto FM,Thiene (VI),RU8,RU8,,430.200000,DUP+,1.600000,FM,94.8,TONE,94.8Hz,YES,Approximate,45.687500,11.458333,--:--
5,3 Veneto FM,Verona,RU11,RU11,,430.275000,DUP+,1.600000,FM,94.8,TONE,94.8Hz,YES,Approximate,45.437500,11.041667,--:--
5,3 Veneto FM,Monte Grande (PD),RU11a,RU11a,,430.287500,DUP+,1.600000,FM,131.8,TONE,131.8Hz,YES,Approximate,45.312500,12.041667,--:--
5,3 Veneto FM,M.Grappa (VI),RU13,RU13,,430.325000,DUP+,1.600000,FM,,OFF,88.5Hz,YES,Approximate,45.812500,11.708333,--:--
5,3 Veneto FM,Campomolon (VI),RU14a,RU14a,,430.362500,DUP+,1.600000,FM,,OFF,88.5Hz,YES,Approximate,45.854167,11.291667,--:--
5,3 Veneto FM,M.Grappa (VI),RU15a,RU15a,,430.387500,DUP+,1.600000,FM,94.8,TONE,94.8Hz,YES,Approximate,45.812500,11.708333,--:--
5,3 Veneto FM,M.Tomba (VR),RU,RU,,430.412500,DUP+,5.000000,FM,94.8,TONE,94.8Hz,YES,Approximate,45.687500,11.041667,--:--
5,3 Veneto FM,Treviso,RU,RU,,430.500000,DUP+,5.000000,FM,,OFF,88.5Hz,YES,Approximate,45.687500,12.208333,--:--
5,3 Veneto FM,Lido di Venezia (VE),RU,RU,,430.525000,DUP+,5.000000,FM,94.8,TONE,94.8Hz,YES,Approximate,45.354167,12.291667,--:--
5,3 Veneto FM,Roana - Altpiano Asiago (VI),RU,RU,,430.537500,DUP+,5.000000,FM,94.8,TONE,94.8Hz,YES,Approximate,45.895833,11.458333,--:--
5,3 Veneto FM,Bassano del Grappa (VI),RU ,RU ,,430.587500,DUP+,5.000000,FM,94.8,TONE,94.8Hz,YES,Approximate,45.770833,11.708333,--:--
5,3 Veneto FM,Enego (VI),RU,RU,,430.787500,DUP+,5.000000,FM,94.8,TONE,94.8Hz,YES,Approximate,45.937500,11.625000,--:--
5,3 Veneto FM,Marostica,RU,RU,,430.825000,DUP+,5.000000,FM,94.8,TONE,94.8Hz,YES,Approximate,45.770833,11.625000,--:--
5,3 Veneto FM,Monte Gallo - Colli Euganei (PD),RU,RU,,431.187500,DUP+,1.600000,FM,94.8,TONE,94.8Hz,YES,Approximate,45.312500,11.708333,--:--
5,3 Veneto FM,Selva di Cadore (BL),T,T,,433.462500,OFF,0.000000,FM,,OFF,88.5Hz,YES,Approximate,46.437500,12.041667,--:--
5,3 Veneto FM,Gosaldo (BL),T,T,,433.462500,OFF,0.000000,FM,,OFF,88.5Hz,YES,Approximate,46.229167,13.958333,--:--
5,3 Veneto FM,M.Marmolada (BL),T,T,,433.987500,OFF,0.000000,FM,131.8,TONE,131.8Hz,YES,Approximate,46.437500,11.875000,--:--
11,N3 Trentino FM,M.Macaion (BZ),T,T,,145.312500,OFF,0.000000,FM,123.0-1750,OFF,88.5Hz,YES,Approximate,46.687500,11.708333,--:--
11,N3 Trentino FM,Valle di Ledro (TN),RV,RV,,145.550000,DUP-,0.600000,FM,123.0,TONE,123.0Hz,YES,Approximate,45.895833,10.708333,--:--
11,N3 Trentino FM,M.Seceda (BZ),T,T,,145.562500,OFF,0.000000,FM,123.0 ,TONE,123.0Hz,YES,Approximate,46.479167,11.208333,--:--
11,N3 Trentino FM,Polsa di Brentonico (TN),R1,R1,,145.625000,DUP-,0.600000,FM,123.0,TONE,123.0Hz,YES,Approximate,45.770833,10.958333,--:--
11,N3 Trentino FM,M.Panarotta (TN),R1a,R1a,,145.637500,DUP-,0.600000,FM, ,OFF,88.5Hz,YES,Approximate,46.062500,11.375000,--:--
11,N3 Trentino FM,M.Telegrafo (BZ),R3,R3,,145.675000,DUP-,0.600000,FM, ,OFF,88.5Hz,YES,Approximate,46.687500,11.708333,--:--
11,N3 Trentino FM,Castel Ivano (TN),R3,R3,,145.675000,DUP-,0.600000,FM,,OFF,88.5Hz,YES,Approximate,46.062500,11.541667,--:--
11,N3 Trentino FM,Roncone,R4,R4,,145.700000,DUP-,0.600000,FM,77.0,TONE,77.0Hz,YES,Approximate,45.979167,10.708333,--:--
11,N3 Trentino FM,M.Hirzer (BZ),R5,R5,,145.725000,DUP-,0.600000,FM, ,OFF,88.5Hz,YES,Approximate,46.729167,11.208333,--:--
11,N3 Trentino FM,M.Agaro (TN),R5a,R5a,,145.737500,DUP-,0.600000,FM,,OFF,88.5Hz,YES,Approximate,46.104167,11.625000,--:--
11,N3 Trentino FM,M.Bondone (TN),R6,R6,,145.750000,DUP-,0.600000,FM, ,OFF,88.5Hz,YES,Approximate,46.062500,11.125000,--:--
11,N3 Trentino FM,M.Macaion (BZ),R7,R7,,145.775000,DUP-,0.600000,FM, ,OFF,88.5Hz,YES,Approximate,46.479167,11.208333,--:--
11,N3 Trentino FM,Cima Palon-M.Bondone (TN),RU4a,RU4a,,430.112500,DUP+,5.000000,FM, ,OFF,88.5Hz,YES,Approximate,46.020833,11.041667,--:--
11,N3 Trentino FM,M. Finonchio (TN),RU8,RU8,,430.200000,DUP+,5.000000,FM, ,OFF,88.5Hz,YES,Approximate,45.937500,11.125000,--:--
11,N3 Trentino FM,M.Seceda (BZ),T,T,,435.025000,OFF,0.000000,FM,,OFF,88.5Hz,YES,Approximate,46.604167,11.708333,--:--
12,V3 Friuli FM,Muggia (TS),R0,R0,,145.600000,DUP-,0.600000,FM, ,OFF,88.5Hz,YES,Approximate,45.604167,13.791667,--:--
12,V3 Friuli FM,Latisana (UD),R0a,R0a,,145.612500,DUP-,0.600000,FM,,OFF,88.5Hz,YES,Approximate,45.770833,12.958333,--:--
12,V3 Friuli FM,Cividale del Friuli (UD),R1a,R1a,,145.637500,DUP-,0.600000,FM,1750,OFF,88.5Hz,YES,Approximate,46.187500,13.458333,--:--
12,V3 Friuli FM,Gorizia,R2a,R2a,,145.662500,DUP-,0.600000,FM,118.8,TONE,118.8Hz,YES,Approximate,45.937500,13.625000,--:--
12,V3 Friuli FM,M.Lussari (UD),R2a,R2a,,145.662500,DUP-,0.600000,FM, ,OFF,88.5Hz,YES,Approximate,46.479167,13.541667,--:--
12,V3 Friuli FM,M.Verzegnis (UD),R3a,R3a,,145.687500,DUP-,0.600000,FM,1750,OFF,88.5Hz,YES,Approximate,46.354167,12.958333,--:--
12,V3 Friuli FM,M.San Simeone (UD),R5,R5,,145.725000,DUP-,0.600000,FM, ,OFF,88.5Hz,YES,Approximate,46.354167,13.125000,--:--
12,V3 Friuli FM,M.Jouf (PN),R7,R7,,145.775000,DUP-,0.600000,FM,118.8,TONE,118.8Hz,YES,Approximate,46.187500,12.708333,--:--
12,V3 Friuli FM,M.Jouf (PN),RU1,RU1,,430.025000,DUP+,1.600000,FM,118.8,TONE,118.8Hz,YES,Approximate,46.187500,12.708333,--:--
12,V3 Friuli FM,Reana (UD),RU7,RU7,,430.175000,DUP+,1.600000,FM,118.8,TONE,118.8Hz,YES,Approximate,46.145833,13.208333,--:--
12,V3 Friuli FM,Tolmezzo (UD),RU8,RU8,,430.200000,DUP+,1.600000,FM,118.8,TONE,118.8Hz,YES,Approximate,46.437500,12.958333,--:--
12,V3 Friuli FM,M.Jouf (PN),RU10,RU10,,430.250000,DUP+,1.600000,FM,123.0,TONE,123.0Hz,YES,Approximate,46.187500,12.708333,--:--
12,V3 Friuli FM,M.Zoncolan (UD),T,T,,430.437500,OFF,0.000000,FM,,OFF,88.5Hz,YES,Approximate,46.520833,12.958333,--:--
12,V3 Friuli FM,Palmanova (UD),RU,RU,,430.500000,DUP+,1.600000,FM,,OFF,88.5Hz,YES,Approximate,45.895833,13.291667,--:--
12,V3 Friuli FM,M.Grisa (TS),RU22a,RU22a,,431.387500,DUP+,1.600000,FM,118.8,TONE,118.8Hz,YES,Approximate,45.687500,13.708333,--:--
7,Emilia Romagna FM,Spilamberto (MO,T in,T in,,144.662500,OFF,0.000000,FM,131.8,TONE,131.8Hz,YES,Approximate,44.520833,11.041667,--:--
7,Emilia Romagna FM,Oriolo dei Fichi-Faenza (RA),T in,T in,,144.937500,OFF,0.000000,FM,77.0,TONE,77.0Hz,YES,Approximate,44.229167,11.875000,--:--
7,Emilia Romagna FM,Lama di Moccogno (MO),R0,R0,,145.600000,DUP-,0.600000,FM,77.0,TONE,77.0Hz,YES,Approximate,44.270833,10.625000,--:--
7,Emilia Romagna FM,Rimini,R0,R0,,145.600000,DUP-,0.600000,FM,77.0,TONE,77.0Hz,YES,Approximate,44.062500,12.541667,--:--
7,Emilia Romagna FM,Modigliana (FC),R0a,R0a,,145.612500,DUP-,0.600000,FM,141.3,TONE,141.3Hz,YES,Approximate,44.145833,11.791667,--:--
7,Emilia Romagna FM,Pianoro (BO),R1a,R1a,,145.637500,DUP-,0.600000,FM,77.0,TONE,77.0Hz,YES,Approximate,44.437500,11.375000,--:--
7,Emilia Romagna FM,Bertinoro (FO),R2,R2,,145.650000,DUP-,0.600000,FM, ,OFF,88.5Hz,YES,Approximate,44.145833,12.125000,--:--
7,Emilia Romagna FM,Ferrara,R2,R2,,145.650000,DUP-,0.600000,FM,77.0,TONE,77.0Hz,YES,Approximate,44.812500,11.625000,--:--
7,Emilia Romagna FM,M.Coroncina (BO),R2a,R2a,,145.662500,DUP-,0.600000,FM,77.0,TONE,77.0Hz,YES,Approximate,44.104167,11.208333,--:--
7,Emilia Romagna FM,Parma,R3,R3,,145.675000,DUP-,0.600000,FM,1750,OFF,88.5Hz,YES,Approximate,44.812500,10.375000,--:--
7,Emilia Romagna FM,Castel Maggiore (BO),R3a,R3a,,145.687500,DUP-,0.600000,FM,77.0,TONE,77.0Hz,YES,Approximate,44.562500,11.375000,--:--
7,Emilia Romagna FM,M.Ghebbio (RA),R4a,R4a,,145.712500,DUP-,0.600000,FM,141.3,TONE,141.3Hz,YES,Approximate,44.270833,11.708333,--:--
7,Emilia Romagna FM,Casina (RE),R4a,R4a,,145.712500,DUP-,0.600000,FM,88.5,OFF,88.5Hz,YES,Approximate,44.520833,10.458333,--:--
7,Emilia Romagna FM,Montovolo (BO),R5,R5,,145.725000,DUP-,0.600000,FM,77.0,TONE,77.0Hz,YES,Approximate,44.229167,11.125000,--:--
7,Emilia Romagna FM,M.Fumaiolo (FO),R5a,R5a,,145.737500,DUP-,0.600000,FM,1750,OFF,88.5Hz,YES,Approximate,43.770833,12.041667,--:--
7,Emilia Romagna FM,M.Cimone (MO),R6a,R6a,,145.762500,DUP-,0.600000,FM,77.0,TONE,77.0Hz,YES,Approximate,44.187500,10.708333,--:--
7,Emilia Romagna FM,Casina (RE),RU0a,RU0a,,430.012500,DUP+,1.600000,FM,88.5,OFF,88.5Hz,YES,Approximate,44.520833,10.458333,--:--
7,Emilia Romagna FM,Barbiano (BO),RU1a,RU1a,,430.037500,DUP+,1.600000,FM,88.5,OFF,88.5Hz,YES,Approximate,44.437500,11.375000,--:--
7,Emilia Romagna FM,Montagnana (MO),RU2a,RU2a,,430.062500,DUP+,1.600000,FM,77.0,TONE,77.0Hz,YES,Approximate,44.479167,10.791667,--:--
7,Emilia Romagna FM,M.Trebbio (FO),RU3,RU3,,430.075000,DUP+,1.600000,FM,1750,OFF,88.5Hz,YES,Approximate,44.145833,11.875000,--:--
7,Emilia Romagna FM,Ferrara,RU3a,RU3a,,430.087500,DUP+,1.600000,FM,110.9,TONE,110.9Hz,YES,Approximate,44.854167,11.625000,--:--
7,Emilia Romagna FM,M.Cassio (PR),RU5,RU5,,430.125000,DUP+,1.600000,FM,77.0,TONE,77.0Hz,YES,Approximate,44.604167,10.041667,--:--
7,Emilia Romagna FM,Bagnacavallo (RA),RU5,RU5,,430.125000,DUP+,1.600000,FM,,OFF,88.5Hz,YES,Approximate,44.437500,11.958333,--:--
7,Emilia Romagna FM,Pianoro (BO),RU7,RU7,,430.175000,DUP+,1.600000,FM,77.0,TONE,77.0Hz,YES,Approximate,44.437500,11.375000,--:--
7,Emilia Romagna FM,Gropparello (PC),RU9,RU9,,430.225000,DUP+,1.600000,FM,77.0,TONE,77.0Hz,YES,Approximate,44.854167,9.708333,--:--
7,Emilia Romagna FM,M.Pepi - Bedonia (PR),RU13,RU13,,430.325000,DUP+,1.600000,FM,141,3,TONE,141.3Hz,YES,Approximate,44.562500,9.625000,--:--
7,Emilia Romagna FM,Parma,RU14,RU14,,430.350000,DUP+,1.600000,FM,141.3,TONE,141.3Hz,YES,Approximate,44.812500,10.375000,--:--
7,Emilia Romagna FM,Casalgrande (RE),RU15,RU15,,430.375000,DUP+,1.600000,FM,77.0,TONE,77.0Hz,YES,Approximate,44.562500,10.708333,--:--
7,Emilia Romagna FM,Casella - Ozzano dell'Emilia (BO),RU,RU,,430.562500,DUP+,5.000000,FM,77.0,TONE,77.0Hz,YES,Approximate,44.354167,11.458333,--:--
7,Emilia Romagna FM,M.Canate (PR),RU,RU,,430.725000,DUP+,4.675000,FM,77.0,TONE,77.0Hz,YES,Approximate,44.770833,9.958333,--:--
7,Emilia Romagna FM,Cesenatico (FC),RU18,RU18,,431.275000,DUP+,1.600000,FM,141.3,TONE,141.3Hz,YES,Approximate,44.187500,12.375000,--:--
7,Emilia Romagna FM,Colli Piacentini (PC),RU18,RU18,,431.275000,DUP+,1.600000,FM,77.0,TONE,77.0Hz,YES,Approximate,44.812500,9.625000,--:--
7,Emilia Romagna FM,Montovolo (BO),RU19a,RU19a,,431.312500,DUP+,1.600000,FM,77.0,TONE,77.0Hz,YES,Approximate,44.229167,11.125000,--:--
7,Emilia Romagna FM,M.Molinatico (PR),RU21,RU21,,431.350000,DUP+,1.600000,FM,77.0 ,TONE,77.0Hz,YES,Approximate,44.479167,9.875000,--:--
7,Emilia Romagna FM,Modigliana (FC),RU24a,RU24a,,431.437500,DUP+,1.600000,FM,141.3,TONE,141.3Hz,YES,Approximate,44.145833,11.791667,--:--
7,Emilia Romagna FM,Spilamberto (MO,T out,T out,,432.637500,OFF,0.000000,FM,131.8,TONE,131.8Hz,YES,Approximate,44.520833,11.041667,--:--
8,5 Toscana FM,Val Bisenzio (PO),T,T,,144.562500,OFF,0.000000,FM,79.7,TONE,79.7Hz,YES,Approximate,44.020833,11.125000,--:--
8,5 Toscana FM,M.Amiata (GR),T in,T in,,144.625000,OFF,0.000000,FM,,OFF,88.5Hz,YES,Approximate,42.895833,11.625000,--:--
8,5 Toscana FM,Campiglia Marittima (LI),T,T,,144.675000,OFF,0.000000,FM,0,OFF,88.5Hz,YES,Approximate,43.062500,10.625000,--:--
8,5 Toscana FM,Val Bisenzio (PO),T,T,,144.687500,OFF,0.000000,FM,79,7,TONE,79.7Hz,YES,Approximate,44.104167,11.125000,--:--
8,5 Toscana FM,Campi (SI),T,T,,144.687500,OFF,0.000000,FM,,OFF,88.5Hz,YES,Approximate,43.395833,11.458333,--:--
8,5 Toscana FM,Treggiaia Pontedera (PI),RV,RV,,145.537500,DUP-,0.600000,FM,79,7,TONE,79.7Hz,YES,Approximate,43.604167,10.708333,--:--
8,5 Toscana FM,M.Amiata (GR),RV-1a,RV-1a,,145.587500,DUP-,0.600000,FM,79,7,TONE,79.7Hz,YES,Approximate,42.895833,11.625000,--:--
8,5 Toscana FM,M.Faggeta (AR),R0a,R0a,,145.612500,DUP-,0.600000,FM, ,OFF,88.5Hz,YES,Approximate,43.604167,11.958333,--:--
8,5 Toscana FM,Montenero (LI),R1,R1,,145.625000,DUP-,0.600000,FM, ,OFF,88.5Hz,YES,Approximate,43.479167,10.375000,--:--
8,5 Toscana FM,Val Bisenzio (PO),R1,R1,,145.625000,DUP-,0.600000,FM,79,7,TONE,79.7Hz,YES,Approximate,44.020833,11.125000,--:--
8,5 Toscana FM,M.Amiata (GR),R2,R2,,145.650000,DUP-,0.600000,FM, ,OFF,88.5Hz,YES,Approximate,42.895833,11.625000,--:--
8,5 Toscana FM,Montieri (GR),R3,R3,,145.675000,DUP-,0.600000,FM,1750,OFF,88.5Hz,YES,Approximate,43.145833,10.958333,--:--
8,5 Toscana FM,Campocecina (MS),R3a,R3a,,145.687500,DUP-,0.600000,FM,79.7,TONE,79.7Hz,YES,Approximate,44.104167,10.125000,--:--
8,5 Toscana FM,M.Labro (GR),R4a,R4a,,145.712500,DUP-,0.600000,FM,136.5,TONE,136.5Hz,YES,Approximate,42.812500,11.541667,--:--
8,5 Toscana FM,San Vincenzo (LI),R5,R5,,145.725000,DUP-,0.600000,FM,79.7,TONE,79.7Hz,YES,Approximate,43.104167,10.541667,--:--
8,5 Toscana FM,Prato (PO),R5,R5,,145.725000,DUP-,0.600000,FM,79.7,TONE,79.7Hz,YES,Approximate,43.812500,11.208333,--:--
8,5 Toscana FM,Poggio Valicaia (FI),R5a,R5a,,145.737500,DUP-,0.600000,FM,146.2,TONE,146.2Hz,YES,Approximate,43.770833,11.208333,--:--
8,5 Toscana FM,Cima del Monte - Elba (LI),R5a,R5a,,145.737500,DUP-,0.600000,FM,79,7,TONE,79.7Hz,YES,Approximate,42.812500,10.375000,--:--
8,5 Toscana FM,M.Secchieta (FI),R6,R6,,145.750000,DUP-,0.600000,FM, ,OFF,88.5Hz,YES,Approximate,43.729167,11.541667,--:--
8,5 Toscana FM,Campocecina (MS),R6,R6,,145.750000,DUP-,0.600000,FM, ,OFF,88.5Hz,YES,Approximate,44.104167,10.125000,--:--
8,5 Toscana FM,Seravezza (LU),R7,R7,,145.775000,DUP-,0.600000,FM,114.8,TONE,114.8Hz,YES,Approximate,44.020833,10.208333,--:--
8,5 Toscana FM,Siena,R7,R7,,145.775000,DUP-,0.600000,FM, ,OFF,88.5Hz,YES,Approximate,43.395833,11.458333,--:--
8,5 Toscana FM,M.Secchieta (FI),R7a,R7a,,145.787500,DUP-,0.600000,FM,79.7,TONE,79.7Hz,YES,Approximate,43.729167,11.541667,--:--
8,5 Toscana FM,M.Oppio - San Marcello Pist. (PT),RU1,RU1,,430.025000,DUP+,1.600000,FM,79,7,TONE,79.7Hz,YES,Approximate,44.020833,10.791667,--:--
8,5 Toscana FM,Campocecina (MS),RU3a,RU3a,,430.087500,DUP+,1.600000,FM,,OFF,88.5Hz,YES,Approximate,44.104167,10.125000,--:--
8,5 Toscana FM,M.Secchieta (FI),RU4,RU4,,430.100000,DUP+,1.600000,FM, ,OFF,88.5Hz,YES,Approximate,43.729167,11.541667,--:--
8,5 Toscana FM,M.Grosso (MS),RU4a,RU4a,,430.112500,DUP+,1.600000,FM,79.7 ,TONE,79.7Hz,YES,Approximate,44.229167,9.958333,--:--
8,5 Toscana FM,M.Faggeta (AR),RU5,RU5,,430.125000,DUP+,1.600000,FM, ,OFF,88.5Hz,YES,Approximate,43.604167,11.958333,--:--
8,5 Toscana FM,Grosseto,RU5,RU5,,430.125000,DUP+,5.000000,FM,79.7,TONE,79.7Hz,YES,Approximate,42.812500,11.125000,--:--
8,5 Toscana FM,Campocecina (MS),RU6,RU6,,430.150000,DUP+,1.600000,FM,,OFF,88.5Hz,YES,Approximate,44.104167,10.125000,--:--
8,5 Toscana FM,Poggio Alberaccio (FI),RU8a,RU8a,,430.212500,DUP+,1.600000,FM, ,OFF,88.5Hz,YES,Approximate,43.770833,11.375000,--:--
8,5 Toscana FM,Zeri -M.Fabei (MS),RU9a,RU9a,,430.237500,DUP+,5.000000,FM,79,7,TONE,79.7Hz,YES,Approximate,44.395833,9.708333,--:--
8,5 Toscana FM,Frascole-Dicomano (FI),RU12,RU12,,430.300000,DUP+,1.600000,FM,,OFF,88.5Hz,YES,Approximate,43.895833,11.541667,--:--
8,5 Toscana FM,Monte Meto (LU),RU12a,RU12a,,430.312500,DUP+,5.000000,FM,79.7,TONE,79.7Hz,YES,Approximate,43.895833,10.291667,--:--
8,5 Toscana FM,Civitella della Chiana (AR),RU13,RU13,,430.325000,DUP+,1.600000,FM,71.9,TONE,71.9Hz,YES,Approximate,43.437500,11.708333,--:--
8,5 Toscana FM,Poggio Valicaia (FI),RU13,RU13,,430.325000,DUP+,1.600000,FM,146.2,TONE,146.2Hz,YES,Approximate,43.729167,11.125000,--:--
8,5 Toscana FM,M.Aquilaia (GR),RU14,RU14,,430.350000,DUP+,5.000000,FM,136.5,TONE,136.5Hz,YES,Approximate,42.854167,11.458333,--:--
8,5 Toscana FM,Poggio Firenze (FI),RU14a,RU14a,,430.362500,DUP+,1.600000,FM,,OFF,88.5Hz,YES,Approximate,43.687500,11.375000,--:--
8,5 Toscana FM,Cortona (AR),RU,RU,,430.400000,DUP+,5.000000,FM,71.9,TONE,71.9Hz,YES,Approximate,43.270833,11.958333,--:--
8,5 Toscana FM,Val Bisenzio (PO),RU,RU,,430.400000,DUP+,5.000000,FM,79,7,TONE,79.7Hz,YES,Approximate,43.979167,11.125000,--:--
8,5 Toscana FM,Val Bisenzio (PO),RU,RU,,430.425000,DUP+,5.000000,FM,79,7,TONE,79.7Hz,YES,Approximate,44.020833,11.208333,--:--
8,5 Toscana FM,Volterra (PI),RU,RU,,430.450000,DUP+,5.000000,FM,79,7,TONE,79.7Hz,YES,Approximate,43.395833,10.875000,--:--
8,5 Toscana FM,Treggiaia (PI),RU,RU,,430.475000,DUP+,5.000000,FM,79,7,TONE,79.7Hz,YES,Approximate,43.604167,10.708333,--:--
8,5 Toscana FM,M.Amiata (GR),RU,RU,,430.500000,DUP+,5.000000,FM,136.5,TONE,136.5Hz,YES,Approximate,42.895833,11.625000,--:--
8,5 Toscana FM,Monte Capanne- Elba (LI),RU,RU,,430.525000,DUP+,5.000000,FM,79.7,TONE,79.7Hz,YES,Approximate,42.770833,10.208333,--:--
8,5 Toscana FM,Casalguidi (PT),RU,RU,,430.525000,DUP+,5.000000,FM,146.2,TONE,146.2Hz,YES,Approximate,43.854167,10.875000,--:--
8,5 Toscana FM,Monte Caselle (LI),RU,RU,,430.650000,DUP+,5.000000,FM,79.7,TONE,79.7Hz,YES,Approximate,42.937500,10.541667,--:--
8,5 Toscana FM,Val Bisenzio (PO),RU,RU,,430.700000,DUP+,5.000000,FM,79,7,TONE,79.7Hz,YES,Approximate,44.104167,11.125000,--:--
8,5 Toscana FM,Val Bisenzio (PO),RU,RU,,430.725000,DUP+,5.000000,FM,79,7,TONE,79.7Hz,YES,Approximate,44.020833,11.041667,--:--
8,5 Toscana FM,Val Bisenzio (PO),RU15a,RU15a,,430.750000,DUP+,5.000000,FM,79,7,TONE,79.7Hz,YES,Approximate,44.020833,11.125000,--:--
8,5 Toscana FM,Monte Giovi - Vicchio (FI),RU,RU,,430.850000,DUP+,5.000000,FM,79,7,TONE,79.7Hz,YES,Approximate,43.895833,11.458333,--:--
8,5 Toscana FM,Val Bisenzio (PO),T,T,,430.987500,OFF,0.000000,FM,79.7,TONE,79.7Hz,YES,Approximate,44.020833,11.125000,--:--
8,5 Toscana FM,Poggio Ciliegio (PO),RU16,RU16,,431.225000,DUP+,1.600000,FM,,OFF,88.5Hz,YES,Approximate,43.812500,11.208333,--:--
8,5 Toscana FM,Poggio Ciliegio (PO),RU21,RU21,,431.350000,DUP+,1.600000,FM,,OFF,88.5Hz,YES,Approximate,43.812500,11.208333,--:--
8,5 Toscana FM,M.Labro (GR),RU24,RU24,,431.425000,DUP+,1.600000,FM,131.8,TONE,131.8Hz,YES,Approximate,42.812500,11.541667,--:--
8,5 Toscana FM,M.Serra (LU) ,RU31a,RU31a,,431.612500,DUP+,1.600000,FM,79.7,TONE,79.7Hz,YES,Approximate,43.770833,10.541667,--:--
8,5 Toscana FM,Campiglia Marittima (LI),T,T,,432.675000,OFF,0.000000,FM,,OFF,88.5Hz,YES,Approximate,43.062500,10.625000,--:--
8,5 Toscana FM,Campi (SI),T,T,,432.687500,OFF,0.000000,FM,,OFF,88.5Hz,YES,Approximate,43.395833,11.458333,--:--
6,6 Marche FM,M.Ascensione (AP),R0,R0,,145.600000,DUP-,0.600000,FM,127.3,TONE,127.3Hz,YES,Approximate,42.937500,13.541667,--:--
6,6 Marche FM,M.La Croce (AN),R4,R4,,145.700000,DUP-,0.600000,FM, ,OFF,88.5Hz,YES,Approximate,43.395833,12.958333,--:--
6,6 Marche FM,San Benedetto del Tronto (AP),R4a,R4a,,145.712500,DUP-,0.600000,FM,85,4,TONE,85.4Hz,YES,Approximate,42.937500,13.875000,--:--
6,6 Marche FM,Ancona,R5,R5,,145.725000,DUP-,0.600000,FM,85.4,TONE,85.4Hz,YES,Approximate,43.604167,13.541667,--:--
6,6 Marche FM,Potenza Picena (MC),R7,R7,,145.775000,DUP-,0.600000,FM,85.4,TONE,85.4Hz,YES,Approximate,43.354167,13.625000,--:--
6,6 Marche FM,Ancona,RU7,RU7,,430.175000,DUP+,1.600000,FM,85.4,TONE,85.4Hz,YES,Approximate,43.604167,13.541667,--:--
6,6 Marche FM,M.La Croce (AN),RU8,RU8,,430.200000,DUP+,1.600000,FM, ,OFF,88.5Hz,YES,Approximate,43.395833,12.958333,--:--
6,6 Marche FM,Senigallia (AN),RU9,RU9,,430.225000,DUP+,1.600000,FM, ,OFF,88.5Hz,YES,Approximate,43.645833,13.208333,--:--
6,6 Marche FM,Montegrimano (PU),RU21,RU21,,431.350000,DUP+,1.600000,FM,88.5,OFF,88.5Hz,YES,Approximate,43.854167,12.458333,--:--
6,6 Marche FM,Montefelcino (PU),RU28,RU28,,431.525000,DUP+,1.600000,FM,85.4,TONE,85.4Hz,YES,Approximate,43.770833,12.791667,--:--
6,6 Marche FM,Falconara (AN),RU29,RU29,,431.550000,DUP+,1.600000,FM,85.4,TONE,85.4Hz,YES,Approximate,43.604167,13.375000,--:--
6,6 Marche FM,Monte Cucco (AN),RU30a,RU30a,,431.587500,DUP+,1.600000,FM,,OFF,88.5Hz,YES,Approximate,43.354167,12.791667,--:--
6,6 Marche FM,Monte Aria-Macerata,RU31,RU31,,431.600000,DUP+,1.600000,FM,85.4,TONE,85.4Hz,YES,Approximate,43.187500,13.125000,--:--
17,6 Abruzzo FM,Le Serre di Goriano (AQ),R0,R0,,145.600000,DUP-,0.600000,FM, ,OFF,88.5Hz,YES,Approximate,42.062500,13.791667,--:--
17,6 Abruzzo FM,Campo Imperatore (AQ),R1,R1,,145.625000,DUP-,0.600000,FM,97.4,TONE,97.4Hz,YES,Approximate,42.437500,13.541667,--:--
17,6 Abruzzo FM,M.Freddo (AQ),R2a,R2a,,145.662500,DUP-,0.600000,FM,97.4,TONE,97.4Hz,YES,Approximate,42.145833,13.458333,--:--
17,6 Abruzzo FM,Colle SanGiacomo (AQ),R3,R3,,145.675000,DUP-,0.600000,FM,97.4,TONE,97.4Hz,YES,Approximate,42.354167,13.458333,--:--
17,6 Abruzzo FM,Santo Stefano - Torricella (TE),R3,R3,,145.675000,DUP-,0.600000,FM,88.5,OFF,88.5Hz,YES,Approximate,42.645833,13.625000,--:--
17,6 Abruzzo FM,M.Maiella (PE),R4,R4,,145.700000,DUP-,0.600000,FM,1750,OFF,88.5Hz,YES,Approximate,42.145833,14.125000,--:--
17,6 Abruzzo FM,Roccaraso (AQ),R4a,R4a,,145.712500,DUP-,0.600000,FM,,OFF,88.5Hz,YES,Approximate,41.854167,14.041667,--:--
17,6 Abruzzo FM,Colle Badette-Tortoreto (TE),R5,R5,,145.725000,DUP-,0.600000,FM,88.5,OFF,88.5Hz,YES,Approximate,42.812500,13.875000,--:--
17,6 Abruzzo FM,Prati di Tivo (TE),R6,R6,,145.750000,DUP-,0.600000,FM,88.5,OFF,88.5Hz,YES,Approximate,42.479167,13.541667,--:--
17,6 Abruzzo FM,San Benedetto in Perillis (AQ),R6a,R6a,,145.762500,DUP-,0.600000,FM, ,OFF,88.5Hz,YES,Approximate,42.187500,13.791667,--:--
17,6 Abruzzo FM,Liscia (CH),R6a,R6a,,145.762500,DUP-,0.600000,FM,123.0,TONE,123.0Hz,YES,Approximate,41.937500,14.541667,--:--
17,6 Abruzzo FM,Citta' S.Angelo (PE),R7a,R7a,,145.787500,DUP-,0.600000,FM,1750,OFF,88.5Hz,YES,Approximate,42.520833,14.041667,--:--
17,6 Abruzzo FM,M.Le Serre (AQ),RU1,RU1,,430.025000,DUP+,1.600000,FM,88.5,OFF,88.5Hz,YES,Approximate,42.395833,13.708333,--:--
17,6 Abruzzo FM,M.Piselli (TE),RU1,RU1,,430.025000,DUP+,1.600000,FM,85,4,TONE,85.4Hz,YES,Approximate,42.770833,13.541667,--:--
17,6 Abruzzo FM,M.Ocre - Campo Felice (AQ),RU5,RU5,,430.125000,DUP+,1.600000,FM,97.4,TONE,97.4Hz,YES,Approximate,42.312500,13.375000,--:--
17,6 Abruzzo FM,M.Freddo (AQ),RU7,RU7,,430.175000,DUP+,1.600000,FM,97.4,TONE,97.4Hz,YES,Approximate,42.145833,13.458333,--:--
17,6 Abruzzo FM,M.Maiella (PE),RU8,RU8,,430.200000,DUP+,1.600000,FM,1750,OFF,88.5Hz,YES,Approximate,42.145833,14.125000,--:--
17,6 Abruzzo FM,M.Luco di Roio (AQ),RU15,RU15,,430.375000,DUP+,1.600000,FM,97.4,TONE,97.4Hz,YES,Approximate,42.354167,13.375000,--:--
6,6 Marche FM,M.Nerone (PU),RU30,RU30,,431.575000,DUP+,4.000000,FM,,OFF,88.5Hz,YES,Approximate,43.562500,12.541667,--:--
18,8 Molise FM,S.Angelo Limosano (CB),R3a,R3a,,145.687500,DUP-,0.600000,FM,103.5 ,TONE,103.5Hz,YES,Approximate,41.687500,14.625000,--:--
18,8 Molise FM,M.Patalecchia (IS),R6,R6,,145.750000,DUP-,0.600000,FM,103.5 ,TONE,103.5Hz,YES,Approximate,41.562500,14.375000,--:--
18,8 Molise FM,Rionero Sannitico (IS),RU6,RU6,,430.150000,DUP+,5.000000,FM,103.5,TONE,103.5Hz,YES,Approximate,41.395833,14.125000,--:--
18,8 Molise FM,Guglionesi (CB),RU6a,RU6a,,430.162500,DUP+,1.600000,FM,103.5,TONE,103.5Hz,YES,Approximate,41.937500,14.875000,--:--
18,8 Molise FM,Rionero Sannitico (IS),RU7,RU7,,430.175000,DUP+,1.600000,FM, ,OFF,88.5Hz,YES,Approximate,41.729167,14.125000,--:--
9,7 Puglia FM,Mola di Bari (BA),R0,R0,,145.600000,DUP-,0.600000,FM,,OFF,88.5Hz,YES,Approximate,41.062500,17.125000,--:--
9,7 Puglia FM,Cassano Murge (BA),R0a,R0a,,145.612500,DUP-,0.600000,FM,,OFF,88.5Hz,YES,Approximate,40.895833,16.791667,--:--
9,7 Puglia FM,Sava,R0a,R0a,,145.612500,DUP-,0.600000,FM,,OFF,88.5Hz,YES,Approximate,40.395833,17.541667,--:--
9,7 Puglia FM,Molfetta -Zona ASI (BA),R1,R1,,145.625000,DUP-,0.600000,FM,,OFF,88.5Hz,YES,Approximate,41.229167,16.541667,--:--
9,7 Puglia FM,Montesardo (LE),R1,R1,,145.625000,DUP-,0.600000,FM,,OFF,88.5Hz,YES,Approximate,39.854167,18.375000,--:--
9,7 Puglia FM,Martinafranca (TA),R1a,R1a,,145.637500,DUP-,0.600000,FM,82.5,TONE,82.5Hz,YES,Approximate,40.687500,17.375000,--:--
9,7 Puglia FM,Statte (TA),R2,R2,,145.650000,DUP-,0.600000,FM, ,OFF,88.5Hz,YES,Approximate,40.562500,17.208333,--:--
9,7 Puglia FM,Minervino Murge (BA),R2a,R2a,,145.662500,DUP-,0.600000,FM, ,OFF,88.5Hz,YES,Approximate,41.104167,16.041667,--:--
9,7 Puglia FM,Taranto,R3,R3,,145.675000,DUP-,0.600000,FM,123.0,TONE,123.0Hz,YES,Approximate,40.479167,17.291667,--:--
9,7 Puglia FM,Bari ,R4a,R4a,,145.712500,DUP-,0.600000,FM,,OFF,88.5Hz,YES,Approximate,41.104167,16.875000,--:--
9,7 Puglia FM,Selva di Fasano (BR),R5,R5,,145.725000,DUP-,0.600000,FM,82.5,TONE,82.5Hz,YES,Approximate,40.854167,17.375000,--:--
9,7 Puglia FM,Castellaneta (TA),R5,R5,,145.725000,DUP-,0.600000,FM,123.0,TONE,123.0Hz,YES,Approximate,40.604167,16.875000,--:--
9,7 Puglia FM,Minervino Murge (BT),R5a,R5a,,145.737500,DUP-,0.600000,FM,82.5,TONE,82.5Hz,YES,Approximate,41.104167,16.125000,--:--
9,7 Puglia FM,Mottola (TA),R6a,R6a,,145.762500,DUP-,0.600000,FM,123.0,TONE,123.0Hz,YES,Approximate,40.645833,17.041667,--:--
9,7 Puglia FM,M.Nero (FG),R7,R7,,145.775000,DUP-,0.600000,FM, ,OFF,88.5Hz,YES,Approximate,41.729167,15.708333,--:--
9,7 Puglia FM,Lecce,R7a,R7a,,145.787500,DUP-,0.600000,FM,82,5,TONE,82.5Hz,YES,Approximate,40.312500,18.125000,--:--
9,7 Puglia FM,Lecce,R7a,R7a,,145.787500,DUP-,0.600000,FM,82.5,TONE,82.5Hz,YES,Approximate,40.312500,18.125000,--:--
20,8 Campania FM,Napoli,RU1,RU1,,430.025000,DUP+,1.600000,FM,71.9,TONE,71.9Hz,YES,Approximate,40.854167,14.208333,--:--
9,7 Puglia FM,Bari ,RU2,RU2,,430.050000,DUP+,5.000000,FM,100.0,TONE,100.0Hz,YES,Approximate,41.104167,16.875000,--:--
9,7 Puglia FM,Mottola (TA),RU3,RU3,,430.075000,DUP+,1.600000,FM,,OFF,88.5Hz,YES,Approximate,40.687500,17.125000,--:--
9,7 Puglia FM,Minervino Murge (BT),RU5,RU5,,430.125000,DUP+,1.600000,FM,82.5,TONE,82.5Hz,YES,Approximate,41.104167,16.125000,--:--
9,7 Puglia FM,Cassano Murge (BA),RU6,RU6,,430.150000,DUP+,1.600000,FM, ,OFF,88.5Hz,YES,Approximate,40.895833,16.791667,--:--
9,7 Puglia FM,Mola di Bari (BA),RU7,RU7,,430.175000,DUP+,1.600000,FM,,OFF,88.5Hz,YES,Approximate,41.062500,17.125000,--:--
9,7 Puglia FM,Monte Sant'Angelo (FG),RU7,RU7,,430.175000,DUP+,1.600000,FM,,OFF,88.5Hz,YES,Approximate,41.854167,15.958333,--:--
9,7 Puglia FM,Ginosa (TA),RU8,RU8,,430.200000,DUP+,5.000000,FM,82.5,TONE,82.5Hz,YES,Approximate,40.562500,16.791667,--:--
9,7 Puglia FM,M.S.Angelo (FG),RU9,RU9,,430.225000,DUP+,1.600000,FM,100.0,TONE,100.0Hz,YES,Approximate,41.687500,15.958333,--:--
9,7 Puglia FM,Giovinazzo (BA),RU9a ,RU9a ,,430.237500,DUP+,1.600000,FM,,OFF,88.5Hz,YES,Approximate,41.187500,16.625000,--:--
9,7 Puglia FM,Rutigliano (BA),RU10,RU10,,430.250000,DUP+,1.600000,FM,82.5,TONE,82.5Hz,YES,Approximate,41.020833,17.041667,--:--
9,7 Puglia FM,Bari,RU14,RU14,,430.350000,DUP+,1.600000,FM,,OFF,88.5Hz,YES,Approximate,41.020833,16.958333,--:--
20,8 Campania FM,M.Vesuvio (NA),RV-1a,RV-1a,,145.587500,DUP-,0.600000,FM,71.9,TONE,71.9Hz,YES,Approximate,40.812500,14.375000,--:--
20,8 Campania FM,Santa Marina (SA),RV-1a,RV-1a,,145.587500,DUP-,0.600000,FM, ,OFF,88.5Hz,YES,Approximate,40.104167,15.541667,--:--
20,8 Campania FM,Ischia (NA),R0,R0,,145.600000,DUP-,0.600000,FM,71.9 ,TONE,71.9Hz,YES,Approximate,40.729167,13.875000,--:--
20,8 Campania FM,Pozzuoli (NA),R1,R1,,145.625000,DUP-,0.600000,FM,71.9 ,TONE,71.9Hz,YES,Approximate,40.854167,14.125000,--:--
20,8 Campania FM,Pietraroja (BN),R1a,R1a,,145.637500,DUP-,0.600000,FM,118.8,TONE,118.8Hz,YES,Approximate,41.354167,14.541667,--:--
20,8 Campania FM,M.Stella Cilento (SA),R1a,R1a,,145.637500,DUP-,0.600000,FM, ,OFF,88.5Hz,YES,Approximate,40.229167,15.041667,--:--
20,8 Campania FM,Ischia (NA),R2,R2,,145.650000,DUP-,0.600000,FM,71.9 ,TONE,71.9Hz,YES,Approximate,40.729167,13.958333,--:--
20,8 Campania FM,Roccamonfina (CE),R3,R3,,145.675000,DUP-,0.600000,FM,71.9,TONE,71.9Hz,YES,Approximate,41.270833,13.958333,--:--
20,8 Campania FM,Caserta,R4,R4,,145.700000,DUP-,0.600000,FM,71.9 ,TONE,71.9Hz,YES,Approximate,41.104167,14.375000,--:--
20,8 Campania FM,Sala Consilina (SA),R4,R4,,145.700000,DUP-,0.600000,FM, ,OFF,88.5Hz,YES,Approximate,40.395833,15.625000,--:--
20,8 Campania FM,Chiusano San Domenico (AV),R5,R5,,145.725000,DUP-,0.600000,FM,118.8,TONE,118.8Hz,YES,Approximate,40.937500,14.958333,--:--
20,8 Campania FM,San Marco ai Monti (BN),R5a,R5a,,145.737500,DUP-,0.600000,FM,94.8,TONE,94.8Hz,YES,Approximate,41.062500,14.791667,--:--
20,8 Campania FM,M.Vesole (SA),R5a,R5a,,145.737500,DUP-,0.600000,FM,88.5,OFF,88.5Hz,YES,Approximate,40.395833,15.125000,--:--
20,8 Campania FM,M.Pizzone (AV),R6,R6,,145.750000,DUP-,0.600000,FM,71.9,TONE,71.9Hz,YES,Approximate,40.895833,14.708333,--:--
20,8 Campania FM,Portici (NA),R6a,R6a,,145.762500,DUP-,0.600000,FM,71.9 ,TONE,71.9Hz,YES,Approximate,40.812500,14.375000,--:--
20,8 Campania FM,M.Tubenna (SA),R6a,R6a,,145.762500,DUP-,0.600000,FM, ,OFF,88.5Hz,YES,Approximate,40.729167,14.875000,--:--
20,8 Campania FM,m. S. Liberatore - Cava deTirreni,R7,R7,,145.775000,DUP-,0.600000,FM, ,OFF,88.5Hz,YES,Approximate,40.687500,14.708333,--:--
20,8 Campania FM,Capua (CE),RU1,RU1,,430.025000,DUP+,5.000000,FM,71.9,TONE,71.9Hz,YES,Approximate,41.104167,14.208333,--:--
20,8 Campania FM,M.S.Angelo (SA),RU3,RU3,,430.075000,DUP+,1.600000,FM,71.9,TONE,71.9Hz,YES,Approximate,40.729167,14.625000,--:--
20,8 Campania FM,M. S. Liberatore - Cava deTirreni,RU7,RU7,,430.175000,DUP+,1.600000,FM,,OFF,88.5Hz,YES,Approximate,40.687500,14.708333,--:--
20,8 Campania FM,Sessa Aurunca (CE),RU9,RU9,,430.225000,DUP+,5.000000,FM,103.5,TONE,103.5Hz,YES,Approximate,41.229167,13.958333,--:--
20,8 Campania FM,Roccamonfina (CE),RU11a,RU11a,,430.287500,DUP+,1.600000,FM,71.9,TONE,71.9Hz,YES,Approximate,41.312500,13.958333,--:--
20,8 Campania FM,M.Vergine (AV),RU12,RU12,,430.300000,DUP+,1.600000,FM,71.9 ,TONE,71.9Hz,YES,Approximate,40.937500,14.708333,--:--
20,8 Campania FM,M.S.Angelo (SA),RU15,RU15,,430.375000,DUP+,1.600000,FM,71.9,TONE,71.9Hz,YES,Approximate,40.729167,14.625000,--:--
20,8 Campania FM,M.Somma (NA),RU15a,RU15a,,430.387500,DUP+,5.000000,FM,71.9 ,TONE,71.9Hz,YES,Approximate,40.854167,14.458333,--:--
20,8 Campania FM,M.Taburno (BN),RU18a,RU18a,,431.287500,DUP+,1.600000,FM,71.9,TONE,71.9Hz,YES,Approximate,41.104167,14.625000,--:--
20,8 Campania FM,Pozzuoli (NA),RU22,RU22,,431.375000,DUP+,1.600000,FM,71.9,TONE,71.9Hz,YES,Approximate,40.854167,14.125000,--:--
20,8 Campania FM,Pozzuoli (NA),RU25a,RU25a,,431.462500,DUP+,1.600000,FM,71.9 ,TONE,71.9Hz,YES,Approximate,40.812500,14.125000,--:--
10,7/8 Basilicata FM,M.Pierfaone (PZ),R0,R0,,145.600000,DUP-,0.600000,FM,110.9 ,TONE,110.9Hz,YES,Approximate,40.520833,15.791667,--:--
10,7/8 Basilicata FM,M.Pierfaone (PZ),RU3a,RU3a,,430.087500,DUP+,1.600000,FM,110.9,TONE,110.9Hz,YES,Approximate,40.520833,15.791667,--:--
10,7/8 Basilicata FM,Banzi (PZ),RU,RU,,430.500000,DUP+,5.000000,FM,110,9,TONE,110.9Hz,YES,Approximate,40.895833,16.041667,--:--
15,8 Calabria FM,Barrittieri di Seminara (RC),RV,RV,,145.300000,DUP-,0.600000,FM,107.2,TONE,107.2Hz,YES,Approximate,38.312500,15.875000,--:--
15,8 Calabria FM,Pietrapennata (RC),T,T,,145.462500,OFF,0.000000,FM,77.0,TONE,77.0Hz,YES,Approximate,38.979167,14.041667,--:--
15,8 Calabria FM,San Lorenzo Superiore (RC),RV,RV,,145.562500,DUP-,0.600000,FM,107.2,TONE,107.2Hz,YES,Approximate,38.020833,15.791667,--:--
15,8 Calabria FM,San Lorenzo di Reggio Calabria,RV,RV,,145.562500,DUP-,0.600000,FM,107.2,TONE,107.2Hz,YES,Approximate,38.020833,15.875000,--:--
15,8 Calabria FM,M.Bucolia (CZ),RV-1a,RV-1a,,145.587500,DUP-,0.600000,FM,107.2,TONE,107.2Hz,YES,Approximate,38.979167,16.291667,--:--
15,8 Calabria FM,Monte San Demetrio (RC),RV-1a,RV-1a,,145.587500,DUP-,0.600000,FM,107.2,TONE,107.2Hz,YES,Approximate,38.062500,15.708333,--:--
15,8 Calabria FM,M.Poro (CZ),R0a,R0a,,145.612500,DUP-,0.600000,FM,107,2,TONE,107.2Hz,YES,Approximate,38.604167,15.875000,--:--
15,8 Calabria FM,Montechiarello (RC),R1,R1,,145.625000,DUP-,0.600000,FM,107.2,TONE,107.2Hz,YES,Approximate,38.145833,15.708333,--:--
15,8 Calabria FM,Galatro (RC),R1a,R1a,,145.637500,DUP-,0.600000,FM,141.8,TONE,141.8Hz,YES,Approximate,38.437500,16.125000,--:--
15,8 Calabria FM,Catanzaro,R2,R2,,145.650000,DUP-,0.600000,FM, ,OFF,88.5Hz,YES,Approximate,38.895833,16.625000,--:--
15,8 Calabria FM,Mancino (RC),R2,R2,,145.650000,DUP-,0.600000,FM,107.2,TONE,107.2Hz,YES,Approximate,38.354167,16.375000,--:--
15,8 Calabria FM,Villa San Giovanni (RC),R3a,R3a,,145.687500,DUP-,0.600000,FM,79.7,TONE,79.7Hz,YES,Approximate,38.229167,15.625000,--:--
15,8 Calabria FM,Joppolo - M.Poro (VV),R3a,R3a,,145.687500,DUP-,0.600000,FM,107.2,TONE,107.2Hz,YES,Approximate,38.604167,15.875000,--:--
15,8 Calabria FM,Gasperina (CZ),R4,R4,,145.700000,DUP-,0.600000,FM,107.2,TONE,107.2Hz,YES,Approximate,38.729167,16.541667,--:--
15,8 Calabria FM,M.Botte Donato (CS),R4a,R4a,,145.712500,DUP-,0.600000,FM,107.2,TONE,107.2Hz,YES,Approximate,39.270833,16.458333,--:--
15,8 Calabria FM,Lappano (CS),R5,R5,,145.725000,DUP-,0.600000,FM,,OFF,88.5Hz,YES,Approximate,39.312500,16.291667,--:--
15,8 Calabria FM,San Vito Serralta (CZ),R5,R5,,145.725000,DUP-,0.600000,FM, ,OFF,88.5Hz,YES,Approximate,38.770833,16.375000,--:--
15,8 Calabria FM,Polistena (RC),R5a,R5a,,145.737500,DUP-,0.600000,FM,107.2,TONE,107.2Hz,YES,Approximate,38.395833,16.041667,--:--
15,8 Calabria FM,M.Cozzo Cervello (CS),R7,R7,,145.775000,DUP-,0.600000,FM, ,OFF,88.5Hz,YES,Approximate,39.395833,16.125000,--:--
15,8 Calabria FM,S.Stefano d'Aspromonte (RC),RU1,RU1,,430.025000,DUP+,1.600000,FM,107.2,TONE,107.2Hz,YES,Approximate,38.145833,15.875000,--:--
15,8 Calabria FM,M.S.Andrea (RC),RU2,RU2,,430.050000,DUP+,1.600000,FM, ,OFF,88.5Hz,YES,Approximate,38.937500,16.458333,--:--
15,8 Calabria FM,San Giovanni in Fiore (CS),RU3,RU3,,430.075000,DUP+,1.600000,FM,,OFF,88.5Hz,YES,Approximate,39.270833,16.708333,--:--
15,8 Calabria FM,Catanzaro,RU4,RU4,,430.100000,DUP+,5.000000,FM,107.2,TONE,107.2Hz,YES,Approximate,38.979167,16.291667,--:--
15,8 Calabria FM,Campicello (RC),RU5a,RU5a,,430.137500,DUP+,5.000000,FM,94.8,TONE,94.8Hz,YES,Approximate,38.020833,15.708333,--:--
15,8 Calabria FM,Serra Crista - Acri (CS),RU6,RU6,,430.150000,DUP+,1.600000,FM,107.2,TONE,107.2Hz,YES,Approximate,39.479167,16.375000,--:--
15,8 Calabria FM,Monte Scuro (CS),RU7,RU7,,430.175000,DUP+,1.600000,FM, ,OFF,88.5Hz,YES,Approximate,39.312500,16.375000,--:--
15,8 Calabria FM,Pietrapennata (RC),RU9,RU9,,430.225000,DUP+,1.600000,FM, ,OFF,88.5Hz,YES,Approximate,38.979167,14.041667,--:--
15,8 Calabria FM,Reggio Calabria,RU11,RU11,,430.275000,DUP+,1.600000,FM,107.2,TONE,107.2Hz,YES,Approximate,38.187500,15.625000,--:--
15,8 Calabria FM,Villa San Giovanni (RC),RU13,RU13,,430.325000,DUP+,1.600000,FM,79.7,TONE,79.7Hz,YES,Approximate,38.229167,15.625000,--:--
15,8 Calabria FM,Filandari (VV),RU,RU,,430.500000,DUP+,5.000000,FM,107.2,TONE,107.2Hz,YES,Approximate,38.979167,16.291667,--:--
15,8 Calabria FM,San Lorenzo Superiore (RC),RU24,RU24,,431.437500,DUP+,1.600000,FM,107.2,TONE,107.2Hz,YES,Approximate,38.020833,15.791667,--:--
15,8 Calabria FM,San Lorenzo di Reggio Calabria,RU24a,RU24a,,431.437500,DUP+,1.600000,FM,107.2,TONE,107.2Hz,YES,Approximate,38.020833,15.875000,--:--
15,8 Calabria FM,Barrittieri di Seminara (RC),T,T,,432.100000,OFF,0.000000,FM,107.2,TONE,107.2Hz,YES,Approximate,38.312500,15.875000,--:--
15,8 Calabria FM,Pellaro (RC),T,T,,435.012500,OFF,0.000000,FM,94.8,TONE,94.8Hz,YES,Approximate,38.020833,14.291667,--:--
16,T9 Sicilia FM,Colle Tirone -Avola,T,T,,145.212500,OFF,0.000000,FM,123.0,TONE,123.0Hz,YES,Approximate,36.895833,15.125000,--:--
16,T9 Sicilia FM,Nizza di Sicilia (ME),T,T,,145.412500,OFF,0.000000,FM,107.2,TONE,107.2Hz,YES,Approximate,38.020833,15.375000,--:--
16,T9 Sicilia FM,Roccafiorita (ME),T,T,,145.437500,OFF,0.000000,FM,77.0,TONE,77.0Hz,YES,Approximate,38.937500,15.291667,--:--
16,T9 Sicilia FM,Giarre CT),RV,RV,,145.475000,DUP-,0.600000,FM,127.3,TONE,127.3Hz,YES,Approximate,37.729167,15.125000,--:--
16,T9 Sicilia FM,Portella (ME),RV,RV,,145.500000,DUP-,0.600000,FM,94.8,TONE,94.8Hz,YES,Approximate,37.854167,14.708333,--:--
16,T9 Sicilia FM,Salemi (TP),RV-1,RV-1,,145.575000,DUP-,0.600000,FM,127.3,TONE,127.3Hz,YES,Approximate,36.812500,14.791667,--:--
16,T9 Sicilia FM,Ribera (AG),R0,R0,,145.600000,DUP-,0.600000,FM,127.3,TONE,127.3Hz,YES,Approximate,37.520833,13.291667,--:--
16,T9 Sicilia FM,Ragusa,R0,R0,,145.600000,DUP-,0.600000,FM,94.8,TONE,94.8Hz,YES,Approximate,37.020833,14.708333,--:--
16,T9 Sicilia FM,Venetico (ME),R0a,R0a,,145.612500,DUP-,0.600000,FM,94.8,TONE,94.8Hz,YES,Approximate,38.229167,15.375000,--:--
16,T9 Sicilia FM,Pantelleria,R0a,R0a,,145.612500,DUP-,0.600000,FM,94.8,TONE,94.8Hz,YES,Approximate,36.770833,12.041667,--:--
16,T9 Sicilia FM,C. Umberto (ME),R1,R1,,145.625000,DUP-,0.600000,FM,,OFF,88.5Hz,YES,Approximate,38.104167,14.791667,--:--
16,T9 Sicilia FM,Cefalu' (PA),R1,R1,,145.625000,DUP-,0.600000,FM,94.8,TONE,94.8Hz,YES,Approximate,37.979167,14.041667,--:--
16,T9 Sicilia FM,M.Meli - Siculiana (AG),R1a,R1a,,145.637500,DUP-,0.600000,FM,94.8,TONE,94.8Hz,YES,Approximate,37.354167,13.458333,--:--
16,T9 Sicilia FM,Tipoldo (ME),R1a,R1a,,145.637500,DUP-,0.600000,FM,94.8,TONE,94.8Hz,YES,Approximate,38.145833,15.458333,--:--
16,T9 Sicilia FM,Murfi -Buseto Palizzolo,R1a,R1a,,145.637500,DUP-,0.600000,FM,94.8,TONE,94.8Hz,YES,Approximate,38.020833,14.541667,--:--
16,T9 Sicilia FM,Caltanisetta,R2,R2,,145.650000,DUP-,0.600000,FM,127.3,TONE,127.3Hz,YES,Approximate,37.479167,14.041667,--:--
16,T9 Sicilia FM,M.Kalfa - Roccafiorita,R2,R2,,145.650000,DUP-,0.600000,FM,94.8,TONE,94.8Hz,YES,Approximate,37.937500,15.291667,--:--
16,T9 Sicilia FM,M.S.Angelo - Lipari (MS),R2,R2,,145.650000,DUP-,0.600000,FM,94.8,TONE,94.8Hz,YES,Approximate,38.479167,14.958333,--:--
16,T9 Sicilia FM,Partanna (TP),R2,R2,,145.650000,DUP-,0.600000,FM,94.8,TONE,94.8Hz,YES,Approximate,37.729167,12.875000,--:--
16,T9 Sicilia FM,Messina ,R2a,R2a,,145.662500,DUP-,0.600000,FM,67.0,TONE,67.0Hz,YES,Approximate,38.229167,15.541667,--:--
16,T9 Sicilia FM,M.Rotondo (ME),R3,R3,,145.675000,DUP-,0.600000,FM,,OFF,88.5Hz,YES,Approximate,38.104167,14.791667,--:--
16,T9 Sicilia FM,Gioiosa Marea (ME),R3,R3,,145.675000,DUP-,0.600000,FM,88.5,OFF,88.5Hz,YES,Approximate,38.187500,14.875000,--:--
16,T9 Sicilia FM,Plemmirio (SR),R3,R3,,145.675000,DUP-,0.600000,FM,,OFF,88.5Hz,YES,Approximate,37.020833,15.291667,--:--
16,T9 Sicilia FM,Niscemi (CL),R3a,R3a,,145.687500,DUP-,0.600000,FM,,OFF,88.5Hz,YES,Approximate,37.145833,14.375000,--:--
16,T9 Sicilia FM,Linguaglossa (CT),R3a,R3a,,145.687500,DUP-,0.600000,FM,127.3,TONE,127.3Hz,YES,Approximate,37.812500,15.125000,--:--
16,T9 Sicilia FM,M.Pecoraro - Cinisi (PA),R3a,R3a,,145.687500,DUP-,0.600000,FM,94.8,TONE,94.8Hz,YES,Approximate,38.145833,13.125000,--:--
16,T9 Sicilia FM,Palermo,R4,R4,,145.700000,DUP-,0.600000,FM,94.8,TONE,94.8Hz,YES,Approximate,38.104167,13.291667,--:--
16,T9 Sicilia FM,M. Pellegrino (PA),R4,R4,,145.700000,DUP-,0.600000,FM,94.8,TONE,94.8Hz,YES,Approximate,38.145833,13.375000,--:--
16,T9 Sicilia FM,Santo Stefano Quisquina (AG),R4a,R4a,,145.712500,DUP-,0.600000,FM,94.8,TONE,94.8Hz,YES,Approximate,37.604167,13.541667,--:--
16,T9 Sicilia FM,M.Etna (CT),R5,R5,,145.725000,DUP-,0.600000,FM,94.8,TONE,94.8Hz,YES,Approximate,37.770833,15.041667,--:--
16,T9 Sicilia FM,Partanna (TP),R5,R5,,145.725000,DUP-,0.600000,FM,127.3,TONE,127.3Hz,YES,Approximate,37.729167,12.875000,--:--
16,T9 Sicilia FM,Castellanmare del Golfo (TP),R5a,R5a,,145.737500,DUP-,0.600000,FM,127.3,TONE,127.3Hz,YES,Approximate,38.020833,12.875000,--:--
16,T9 Sicilia FM,Pizzo Chiarino (ME),R6,R6,,145.750000,DUP-,0.600000,FM, 94.8,TONE,94.8Hz,YES,Approximate,38.187500,15.458333,--:--
16,T9 Sicilia FM,Ispica (RG),R6a,R6a,,145.762500,DUP-,0.600000,FM,94.8,TONE,94.8Hz,YES,Approximate,36.770833,14.875000,--:--
16,T9 Sicilia FM,M.Erice (TP),R7,R7,,145.775000,DUP-,0.600000,FM,94.8,TONE,94.8Hz,YES,Approximate,38.020833,12.625000,--:--
16,T9 Sicilia FM,M.Pellegrino (PA),R7a,R7a,,145.787500,DUP-,0.600000,FM,94.8,TONE,94.8Hz,YES,Approximate,38.145833,13.375000,--:--
16,T9 Sicilia FM,M.Arcibessi  Chiaramonte Gulfi (RG),R7a,R7a,,145.787500,DUP-,0.600000,FM,110.9,TONE,110.9Hz,YES,Approximate,37.020833,14.708333,--:--
16,T9 Sicilia FM,Caltabellotta (TP),R7a,R7a,,145.787500,DUP-,0.600000,FM,127.3,TONE,127.3Hz,YES,Approximate,37.604167,13.208333,--:--
16,T9 Sicilia FM,Caltagirone (CT),RU1,RU1,,430.025000,DUP+,1.600000,FM,127.3,TONE,127.3Hz,YES,Approximate,37.229167,14.541667,--:--
16,T9 Sicilia FM,Marina di Ragusa (RG),RU1,RU1,,430.025000,DUP+,5.000000,FM,94.8,TONE,94.8Hz,YES,Approximate,36.770833,14.541667,--:--
16,T9 Sicilia FM,Catania,RU2,RU2,,430.050000,DUP+,1.600000,FM,94.8,TONE,94.8Hz,YES,Approximate,37.520833,15.125000,--:--
16,T9 Sicilia FM,S.Margherita di Belice (AG),RU3,RU3,,430.075000,DUP+,1.600000,FM,94.8,TONE,94.8Hz,YES,Approximate,37.687500,13.041667,--:--
16,T9 Sicilia FM,Belvedere di Siracusa (SR),RU3,RU3,,430.075000,DUP+,1.600000,FM,,OFF,88.5Hz,YES,Approximate,37.104167,15.208333,--:--
16,T9 Sicilia FM,Pizzo Chiarino (ME),RU4,RU4,,430.100000,DUP+,1.600000,FM,94.8,TONE,94.8Hz,YES,Approximate,38.187500,15.458333,--:--
16,T9 Sicilia FM,Vita (TP),RU4,RU4,,430.100000,DUP+,1.600000,FM,,OFF,88.5Hz,YES,Approximate,37.854167,12.791667,--:--
16,T9 Sicilia FM,M.Veneretta (ME),RU5,RU5,,430.125000,DUP+,1.600000,FM,127.3,TONE,127.3Hz,YES,Approximate,37.854167,15.291667,--:--
16,T9 Sicilia FM,Capo Tindari (ME),RU5,RU5,,430.125000,DUP+,1.600000,FM,88.5,OFF,88.5Hz,YES,Approximate,38.145833,15.041667,--:--
16,T9 Sicilia FM,Carini (PA),RU5,RU5,,430.125000,DUP+,5.000000,FM,118.8,TONE,118.8Hz,YES,Approximate,38.145833,13.208333,--:--
16,T9 Sicilia FM,Niscemi (CL),RU6,RU6,,430.150000,DUP+,1.600000,FM,,OFF,88.5Hz,YES,Approximate,37.145833,14.375000,--:--
16,T9 Sicilia FM,Castelmola (CT),RU5,RU5,,430.150000,DUP+,1.600000,FM,127,3,TONE,127.3Hz,YES,Approximate,37.854167,15.291667,--:--
16,T9 Sicilia FM,Modica (RG),RU7,RU7,,430.175000,DUP+,1.600000,FM,94.8,TONE,94.8Hz,YES,Approximate,36.854167,14.791667,--:--
16,T9 Sicilia FM,Trapani,RU7,RU7,,430.175000,DUP+,1.600000,FM, ,OFF,88.5Hz,YES,Approximate,38.020833,12.625000,--:--
16,T9 Sicilia FM,Calatafimi (TP),RU8,RU8,,430.200000,DUP+,5.000000,FM, ,OFF,88.5Hz,YES,Approximate,37.937500,12.875000,--:--
16,T9 Sicilia FM,Ragusa (RG),RU9,RU9,,430.225000,DUP+,1.600000,FM,94.8,TONE,94.8Hz,YES,Approximate,36.895833,14.708333,--:--
16,T9 Sicilia FM,Troina (EN),RU10,RU10,,430.250000,DUP+,1.600000,FM,127.3,TONE,127.3Hz,YES,Approximate,37.770833,14.625000,--:--
16,T9 Sicilia FM,Ispica (RG),RU11,RU11,,430.275000,DUP+,5.000000,FM,94.8,TONE,94.8Hz,YES,Approximate,36.770833,14.875000,--:--
16,T9 Sicilia FM,Salemi - Monte Rose,RU12,RU12,,430.300000,DUP+,5.000000,FM,94.8,TONE,94.8Hz,YES,Approximate,37.812500,12.791667,--:--
16,T9 Sicilia FM,Portella (ME),RU13,RU13,,430.325000,DUP+,1.600000,FM,127.3,TONE,127.3Hz,YES,Approximate,37.854167,14.708333,--:--
16,T9 Sicilia FM,M. Grifone (PA),RU15,RU15,,430.375000,DUP+,5.000000,FM,127.3,TONE,127.3Hz,YES,Approximate,38.062500,13.375000,--:--
16,T9 Sicilia FM,Tipoldo (ME),T,T,,430.462500,OFF,0.000000,FM,94.8,TONE,94.8Hz,YES,Approximate,38.145833,15.458333,--:--
16,T9 Sicilia FM,Tipoldo (ME),RU,RU,,430.475000,DUP+,5.000000,FM,107.2,TONE,107.2Hz,YES,Approximate,38.145833,15.458333,--:--
16,T9 Sicilia FM,Rupe Atenea (AG),RU,RU,,430.500000,DUP+,5.000000,FM,94.8,TONE,94.8Hz,YES,Approximate,37.312500,13.625000,--:--
16,T9 Sicilia FM,San Giovanni Gemini (AG),RU,RU,,430.900000,DUP+,5.000000,FM,127.3,TONE,127.3Hz,YES,Approximate,37.604167,13.625000,--:--
16,T9 Sicilia FM,Cresta di Naso (ME),RU18a,RU18a,,431.287500,DUP+,1.600000,FM,88.5,OFF,88.5Hz,YES,Approximate,38.145833,14.791667,--:--
16,T9 Sicilia FM,Messina ,RU25,RU25,,431.450000,DUP+,1.600000,FM,94.8,TONE,94.8Hz,YES,Approximate,38.229167,15.541667,--:--
16,T9 Sicilia FM,Colle Tirone -Avola,T,T,,433.575000,OFF,0.000000,FM,123.0,TONE,123.0Hz,YES,Approximate,36.895833,15.125000,--:--
13,0 Umbria FM,M.Serano (PG),R0,R0,,145.600000,DUP-,0.600000,FM,1750,OFF,88.5Hz,YES,Approximate,42.854167,12.791667,--:--
13,0 Umbria FM,Gubbio (PG),R1,R1,,145.625000,DUP-,0.600000,FM, ,OFF,88.5Hz,YES,Approximate,43.354167,12.125000,--:--
13,0 Umbria FM,Perugia,R2a,R2a,,145.662500,DUP-,0.600000,FM,114.8,TONE,114.8Hz,YES,Approximate,43.104167,12.375000,--:--
13,0 Umbria FM,Gubbio (PG),R3a,R3a,,145.687500,DUP-,0.600000,FM, ,OFF,88.5Hz,YES,Approximate,42.895833,12.958333,--:--
13,0 Umbria FM,M.Cosce (TR),R4,R4,,145.700000,DUP-,0.600000,FM,,OFF,88.5Hz,YES,Approximate,42.437500,12.625000,--:--
13,0 Umbria FM,Monte Santa Maria Tiberina (PG),R4a,R4a,,145.712500,DUP-,0.600000,FM,123.0,TONE,123.0Hz,YES,Approximate,43.437500,12.125000,--:--
13,0 Umbria FM,Perugia,R6,R6,,145.750000,DUP-,0.600000,FM, ,OFF,88.5Hz,YES,Approximate,43.104167,12.375000,--:--
13,0 Umbria FM,M.Serano (PG),RU1,RU1,,430.025000,DUP+,1.600000,FM, ,OFF,88.5Hz,YES,Approximate,42.854167,12.791667,--:--
13,0 Umbria FM,Pale Foligno (PG),RU2,RU2,,430.050000,DUP+,5.000000,FM,91.5,TONE,91.5Hz,YES,Approximate,43.104167,12.458333,--:--
13,0 Umbria FM,M.Giove -San Giustino (PG),RU8,RU8,,430.200000,DUP+,1.600000,FM,123.0,TONE,123.0Hz,YES,Approximate,43.562500,12.208333,--:--
13,0 Umbria FM,M.Cucco (PG),RU30a,RU30a,,431.587500,DUP+,1.600000,FM,85.4,TONE,85.4Hz,YES,Approximate,43.354167,12.791667,--:--
14,0 Lazio FM,M.Gennaro (RM),RV,RV,,145.375000,DUP-,0.600000,FM,67.0,TONE,67.0Hz,YES,Approximate,42.062500,12.791667,--:--
14,0 Lazio FM,Vigna di Valle (RM),RV,RV,,145.425000,DUP-,0.600000,FM,67.0,TONE,67.0Hz,YES,Approximate,42.062500,12.208333,--:--
14,0 Lazio FM,Campocatino (FR),RV,RV,,145.500000,DUP-,0.600000,FM,67.0,TONE,67.0Hz,YES,Approximate,41.854167,13.291667,--:--
14,0 Lazio FM,M.Calvo (FR),RV,RV,,145.525000,DUP-,0.600000,FM,77.0,TONE,77.0Hz,YES,Approximate,41.395833,13.375000,--:--
14,0 Lazio FM,Campocatino (FR),RV,RV,,145.562500,DUP-,0.600000,FM,77.0,TONE,77.0Hz,YES,Approximate,41.854167,13.291667,--:--
14,0 Lazio FM,Capranica Prenestina (RM),R0,R0,,145.600000,DUP-,0.600000,FM,156.7 ,TONE,156.7Hz,YES,Approximate,41.854167,12.958333,--:--
14,0 Lazio FM,Allumiere (RM),R0a,R0a,,145.612500,DUP-,0.600000,FM,67.0,TONE,67.0Hz,YES,Approximate,42.145833,11.875000,--:--
14,0 Lazio FM,M.Guadagnolo (RM),R1,R1,,145.625000,DUP-,0.600000,FM,67.0,TONE,67.0Hz,YES,Approximate,41.895833,12.958333,--:--
14,0 Lazio FM,M.Calvo (FR),R1a,R1a,,145.637500,DUP-,0.600000,FM,103.5,TONE,103.5Hz,YES,Approximate,41.395833,13.375000,--:--
14,0 Lazio FM,Castelli Romani (RM),R2,R2,,145.650000,DUP-,0.600000,FM,67.0,TONE,67.0Hz,YES,Approximate,41.770833,12.708333,--:--
14,0 Lazio FM,M.Trevi- Sezze (LT),R2a,R2a,,145.662500,DUP-,0.600000,FM,88.5,OFF,88.5Hz,YES,Approximate,41.479167,13.041667,--:--
14,0 Lazio FM,M.Tiburtini (RM),R3,R3,,145.675000,DUP-,0.600000,FM,67.0,TONE,67.0Hz,YES,Approximate,41.937500,12.791667,--:--
14,0 Lazio FM,Campocatino (FR),R3a,R3a,,145.687500,DUP-,0.600000,FM,88.5,OFF,88.5Hz,YES,Approximate,41.854167,13.291667,--:--
14,0 Lazio FM,M.Maio (FR),R4,R4,,145.700000,DUP-,0.600000,FM,103.5,TONE,103.5Hz,YES,Approximate,41.520833,13.875000,--:--
14,0 Lazio FM,Latina,R4,R4,,145.700000,DUP-,0.600000,FM,67.0,TONE,67.0Hz,YES,Approximate,41.437500,14.875000,--:--
14,0 Lazio FM,M.Terminillo (RI),R5 ,R5 ,,145.725000,DUP-,0.600000,FM,67.0,TONE,67.0Hz,YES,Approximate,42.479167,12.958333,--:--
14,0 Lazio FM,Spigno Saturnia (LT),R5a,R5a,,145.737500,DUP-,0.600000,FM,103,5,TONE,103.5Hz,YES,Approximate,41.312500,13.708333,--:--
14,0 Lazio FM,Formia (LT),R6a,R6a,,145.762500,DUP-,0.600000,FM,67.0,TONE,67.0Hz,YES,Approximate,41.270833,13.625000,--:--
14,0 Lazio FM,M.Cimini - Caprarola (VT) ,R6a,R6a,,145.762500,DUP-,0.600000,FM,88.5,OFF,88.5Hz,YES,Approximate,42.354167,12.125000,--:--
14,0 Lazio FM,Santopadre (FR),R7,R7,,145.775000,DUP-,0.600000,FM, ,OFF,88.5Hz,YES,Approximate,41.604167,13.625000,--:--
14,0 Lazio FM,Ponza (LT),R7a,R7a,,145.787500,DUP-,0.600000,FM,118.8,TONE,118.8Hz,YES,Approximate,40.895833,12.958333,--:--
14,0 Lazio FM,M.Guadagnolo (RM),R7a,R7a,,145.787500,DUP-,0.600000,FM,67.0,TONE,67.0Hz,YES,Approximate,41.937500,12.958333,--:--
14,0 Lazio FM,Santa Marinella (RM),RU1,RU1,,430.025000,DUP+,1.600000,FM,67.0,TONE,67.0Hz,YES,Approximate,42.020833,11.875000,--:--
14,0 Lazio FM,M.Circeo (LT),RU1a,RU1a,,430.037500,DUP+,5.000000,FM,77.0,TONE,77.0Hz,YES,Approximate,41.229167,13.041667,--:--
14,0 Lazio FM,M.Terminillo (RI),RU3,RU3,,430.075000,DUP+,5.000000,FM,67.0,TONE,67.0Hz,YES,Approximate,42.479167,12.958333,--:--
14,0 Lazio FM,Gaeta (LT) ,RU4,RU4,,430.100000,DUP+,5.000000,FM,103.5,TONE,103.5Hz,YES,Approximate,41.187500,13.541667,--:--
14,0 Lazio FM,M,Calvo (FR),RU4a,RU4a,,430.112500,DUP+,5.000000,FM,103.5,TONE,103.5Hz,YES,Approximate,41.270833,13.625000,--:--
14,0 Lazio FM,M.Guadagnolo (RM),RU5,RU5,,430.125000,DUP+,5.000000,FM,67.0,TONE,67.0Hz,YES,Approximate,41.937500,12.958333,--:--
14,0 Lazio FM,Gaeta (LT) ,RU6,RU6,,430.150000,DUP+,5.000000,FM,118.8,TONE,118.8Hz,YES,Approximate,41.187500,13.541667,--:--
14,0 Lazio FM,M.Gennaro (RM),RU6,RU6,,430.150000,DUP+,5.000000,FM, ,OFF,88.5Hz,YES,Approximate,42.062500,12.791667,--:--
14,0 Lazio FM,Campo Staffi - Filettino (FR),RU8,RU8,,430.200000,DUP+,5.000000,FM,88.5,OFF,88.5Hz,YES,Approximate,41.937500,13.375000,--:--
14,0 Lazio FM,M.Paradiso (RM),RU8,RU8,,430.200000,DUP+,1.600000,FM,,OFF,88.5Hz,YES,Approximate,42.104167,11.875000,--:--
14,0 Lazio FM,Gaeta (LT) ,RU9,RU9,,430.225000,DUP+,5.000000,FM,103.5,TONE,103.5Hz,YES,Approximate,41.187500,13.541667,--:--
14,0 Lazio FM,M.Terminillo (RI),RU9,RU9,,430.225000,DUP+,1.600000,FM,67.0,TONE,67.0Hz,YES,Approximate,42.479167,12.958333,--:--
14,0 Lazio FM,M.Maio (FR),RU10,RU10,,430.250000,DUP+,5.000000,FM,103.5,TONE,103.5Hz,YES,Approximate,41.520833,13.875000,--:--
14,0 Lazio FM,M.Cimini (VT),RU10,RU10,,430.250000,DUP+,1.600000,FM,88.5,OFF,88.5Hz,YES,Approximate,42.354167,12.125000,--:--
14,0 Lazio FM,Castelli Romani (RM),RU11,RU11,,430.275000,DUP+,5.000000,FM,88.5,OFF,88.5Hz,YES,Approximate,41.729167,12.708333,--:--
14,0 Lazio FM,M.Gennaro (RM),RU12,RU12,,430.300000,DUP+,5.000000,FM,67.0,TONE,67.0Hz,YES,Approximate,42.062500,12.791667,--:--
14,0 Lazio FM,Latina,RU14,RU14,,430.350000,DUP+,5.000000,FM,77.0,TONE,77.0Hz,YES,Approximate,41.437500,14.875000,--:--
14,0 Lazio FM,M.Onofrio (LT),RU15,RU15,,430.375000,DUP+,5.000000,FM,103.5,TONE,103.5Hz,YES,Approximate,41.270833,13.541667,--:--
14,0 Lazio FM,Campo Catino (FR),RU ,RU ,,430.450000,DUP+,5.000000,FM,67.0,TONE,67.0Hz,YES,Approximate,41.812500,13.375000,--:--
14,0 Lazio FM,Velletri (RM),RU,RU,,430.475000,DUP+,5.000000,FM,67.0,TONE,67.0Hz,YES,Approximate,41.687500,12.791667,--:--
14,0 Lazio FM,Rocca Priora (RM),RU,RU,,430.575000,DUP+,5.000000,FM,67.0,TONE,67.0Hz,YES,Approximate,41.770833,12.791667,--:--
14,0 Lazio FM,M.Trevi (LT),RU,RU,,430.650000,DUP+,5.000000,FM,77.0,TONE,77.0Hz,YES,Approximate,41.479167,13.041667,--:--
14,0 Lazio FM,Rocca Priora (RM),RU,RU,,430.825000,DUP+,5.000000,FM,67.0,TONE,67.0Hz,YES,Approximate,41.770833,12.791667,--:--
14,0 Lazio FM,Vigna di Valle (RM),RU19,RU19,,431.300000,DUP+,1.600000,FM,67.0,TONE,67.0Hz,YES,Approximate,42.062500,12.208333,--:--
14,0 Lazio FM,Civitavecchia (RM),RU23,RU23,,431.400000,DUP+,1.600000,FM,67.0,TONE,67.0Hz,YES,Approximate,42.145833,11.791667,--:--
14,0 Lazio FM,M.Faggio (LT),RU23a,RU23a,,431.412500,DUP+,1.600000,FM,103.5,TONE,103.5Hz,YES,Approximate,41.395833,13.541667,--:--
14,0 Lazio FM,Vivaro Romano (RM),RU24,RU24,,431.425000,DUP+,1.600000,FM,67.0,TONE,67.0Hz,YES,Approximate,42.104167,12.958333,--:--
14,0 Lazio FM,M.Circello (LT),RU30,RU30,,431.575000,DUP+,1.600000,FM,103.5,TONE,103.5Hz,YES,Approximate,41.229167,13.041667,--:--
14,0 Lazio FM,M.Cavo (RM),RU32,RU32,,431.625000,DUP+,1.600000,FM,103.5,TONE,103.5Hz,YES,Approximate,41.770833,12.708333,--:--
14,0 Lazio FM,Selva Rotonda (RI),RU,RU,,433.800000,DUP+,1.600000,FM,67.0,TONE,67.0Hz,YES,Approximate,42.604167,13.125000,--:--
14,0 Lazio FM,Montecompatri (RM),RU,RU,,433.800000,DUP+,1.600000,FM,67.0,TONE,67.0Hz,YES,Approximate,41.812500,12.708333,--:--
19,S0 Sardegna FM,M.Rasu (SS),R0,R0,,145.600000,DUP-,0.600000,FM,123.0,TONE,123.0Hz,YES,Approximate,40.729167,8.708333,--:--
19,S0 Sardegna FM,Abbasanta (OR),R0a,R0a,,145.612500,DUP-,0.600000,FM,74.4,TONE,74.4Hz,YES,Approximate,40.145833,8.791667,--:--
19,S0 Sardegna FM,Capoterra - Torre degli Ulivi (CA),R1,R1,,145.625000,DUP-,0.600000,FM,67.0,TONE,67.0Hz,YES,Approximate,39.145833,9.041667,--:--
19,S0 Sardegna FM,Punta Tricoli - Gairo (OG),R1,R1,,145.625000,DUP-,0.600000,FM,74.4,TONE,74.4Hz,YES,Approximate,39.854167,9.541667,--:--
19,S0 Sardegna FM,Arbus - Punta Tintillonis (SU),R1,R1,,145.625000,DUP-,0.600000,FM,67.0,TONE,67.0Hz,YES,Approximate,49.520833,8.541667,--:--
19,S0 Sardegna FM,Punta Sebera (CA),R2,R2,,145.650000,DUP-,0.600000,FM, ,OFF,88.5Hz,YES,Approximate,39.062500,8.791667,--:--
19,S0 Sardegna FM,Cabu Aspru (SS),R2a,R2a,,145.662500,DUP-,0.600000,FM,74.4,TONE,74.4Hz,YES,Approximate,40.854167,8.291667,--:--
19,S0 Sardegna FM,M.Tului-Dorgali (NU),R3,R3,,145.675000,DUP-,0.600000,FM,74.4,TONE,74.4Hz,YES,Approximate,40.270833,9.625000,--:--
19,S0 Sardegna FM,Abbasanta (OR),R4,R4,,145.700000,DUP-,0.600000,FM,74.4,TONE,74.4Hz,YES,Approximate,40.145833,8.791667,--:--
19,S0 Sardegna FM,S.Anna di Lode' (NU),R5,R5,,145.725000,DUP-,0.600000,FM,74.4,TONE,74.4Hz,YES,Approximate,40.604167,9.541667,--:--
19,S0 Sardegna FM,M.Serpeddi (CA),R7,R7,,145.775000,DUP-,0.600000,FM, ,OFF,88.5Hz,YES,Approximate,39.354167,9.291667,--:--
19,S0 Sardegna FM,Bruncu Spina (CA),R7,R7,,145.775000,DUP-,0.600000,FM,,OFF,88.5Hz,YES,Approximate,40.020833,9.291667,--:--
19,S0 Sardegna FM,Limbara (SS),RU1,RU1,,430.025000,DUP+,1.600000,FM, ,OFF,88.5Hz,YES,Approximate,40.854167,9.208333,--:--
19,S0 Sardegna FM,M.Serpeddi (CA),RU2,RU2,,430.050000,DUP+,1.600000,FM,,OFF,88.5Hz,YES,Approximate,39.354167,9.291667,--:--
19,S0 Sardegna FM,S.Anna di Lode' (NU),RU2,RU2,,430.050000,DUP+,1.600000,FM,74.4,TONE,74.4Hz,YES,Approximate,40.604167,9.541667,--:--
19,S0 Sardegna FM,Cagliari,RU4,RU4,,430.100000,DUP+,1.600000,FM,,OFF,88.5Hz,YES,Approximate,39.229167,9.125000,--:--
19,S0 Sardegna FM,M.Corem - Narcao (CI),RU5,RU5,,430.125000,DUP+,1.600000,FM,,OFF,88.5Hz,YES,Approximate,39.229167,8.625000,--:--
19,S0 Sardegna FM,Abbasanta (OR),RU5,RU5,,430.125000,DUP+,1.600000,FM,74.4,TONE,74.4Hz,YES,Approximate,40.145833,8.791667,--:--
19,S0 Sardegna FM,Lanusei-M.Armidda (OG),RU7,RU7,,430.175000,DUP+,1.600000,FM,,OFF,88.5Hz,YES,Approximate,39.895833,9.541667,--:--
19,S0 Sardegna FM,M.Ferru (OR),RU8,RU8,,430.200000,DUP+,1.600000,FM,,OFF,88.5Hz,YES,Approximate,40.145833,8.541667,--:--
19,S0 Sardegna FM,M.Serpeddi (CA),RU10,RU10,,430.250000,DUP+,1.600000,FM,123.0,TONE,123.0Hz,YES,Approximate,39.354167,9.291667,--:--
19,S0 Sardegna FM,M.Limbara (SS),RU,RU,,430.400000,DUP+,5.000000,FM,88.5,OFF,88.5Hz,YES,Approximate,40.854167,9.208333,--:--
19,S0 Sardegna FM,Serpeddi (CA),RU,RU,,430.700000,DUP+,5.000000,FM,,OFF,88.5Hz,YES,Approximate,39.354167,9.291667,--:--
21,T7 San Marino FM,San Marino (RSM),RU10a,RU10a,,430.262500,DUP+,1.600000,FM,91.5,TONE,91.5Hz,YES,Approximate,43.937500,12.458333,--:--
22,HB Svizzera FM,M.Tamaro (Lugano),R0,R0,,145.600000,DUP-,0.600000,FM,103.5 -136.5-203.5,OFF,88.5Hz,YES,Approximate,46.104167,8.875000,--:--
22,HB Svizzera FM,Moosalpe (Vallese),R1,R1,,145.625000,DUP-,0.600000,FM,,OFF,88.5Hz,YES,Approximate,46.270833,7.875000,--:--
22,HB Svizzera FM,M.Tamaro (Lugano),R6a,R6a,,145.762500,DUP-,0.600000,FM,103.5,TONE,103.5Hz,YES,Approximate,46.104167,8.875000,--:--
22,HB Svizzera FM,Moosalpe (Vallese),RU,RU,,438.675000,DUP-,7.600000,FM,,OFF,88.5Hz,YES,Approximate,46.270833,7.875000,--:--
22,HB Svizzera FM,M.Generoso (Lugano),RU,RU,,439.487500,DUP-,7.500000,FM,103.5,TONE,103.5Hz,YES,Approximate,45.937500,9.041667,--:--
23,OE Austria FM,M.Olperer ,RU,RU,,431.325000,DUP+,7.600000,FM,Reverse,OFF,88.5Hz,YES,Approximate,47.062500,11.708333,--:--
23,OE Austria FM,Dobratsch,RU,RU,,438.900000,DUP-,7.600000,FM,1750,OFF,88.5Hz,YES,Approximate,46.604167,13.708333,--:--
23,OE Austria FM,M.Olperer ,RU,RU,,438.925000,DUP-,7.600000,FM,77.0,TONE,77.0Hz,YES,Approximate,47.062500,11.708333,--:--
24,S5 Slovenia FM,M.Nanos,R1,R1,,145.625000,DUP-,0.600000,FM,,OFF,88.5Hz,YES,Approximate,45.770833,14.041667,--:--
24,S5 Slovenia FM,M.Sabotino,R3,R3,,145.675000,DUP-,0.600000,FM,,OFF,88.5Hz,YES,Approximate,45.979167,13.625000,--:--
24,S5 Slovenia FM,Izola,R6a,R6a,,145.762500,DUP-,0.600000,FM,77.0,TONE,77.0Hz,YES,Approximate,45.520833,13.625000,--:--
24,S5 Slovenia FM,M.Kanin,R7a,R7a,,145.787500,DUP-,0.600000,FM,,OFF,88.5Hz,YES,Approximate,46.354167,13.458333,--:--
24,S5 Slovenia FM,Trstelj,RU,RU,,438.750000,DUP-,7.600000,FM,,OFF,88.5Hz,YES,Approximate,45.854167,13.708333,--:--
24,S5 Slovenia FM,Pirano,RU,RU,,438.800000,DUP-,7.600000,FM,,OFF,88.5Hz,YES,Approximate,45.520833,13.625000,--:--
25,9A Croazia FM,Parenzo ,R3,R3,,145.675000,DUP-,0.600000,FM,,OFF,88.5Hz,YES,Approximate,45.270833,13.708333,--:--
25,9A Croazia FM,M.Maggiore - M.Ucka,R4,R4,,145.700000,DUP-,0.600000,FM,173.8,TONE,173.8Hz,YES,Approximate,45.270833,14.208333,--:--
25,9A Croazia FM,Dubrovnik,R7,R7,,145.775000,DUP-,0.600000,FM, ,OFF,88.5Hz,YES,Approximate,42.645833,18.125000,--:--
25,9A Croazia FM,Parenzo ,RU,RU,,438.675000,DUP-,7.600000,FM,,OFF,88.5Hz,YES,Approximate,45.270833,13.708333,--:--
25,9A Croazia FM,M.Maggiore - M.Ucka,RU,RU,,439.025000,DUP-,7.600000,FM,173.8,TONE,173.8Hz,YES,Approximate,45.270833,14.208333,--:--
26,DA-DR Germania FM,Zugspitze,RU,RU,,431.250000,DUP+,7.600000,FM, ,OFF,88.5Hz,YES,Approximate,47.437500,10.958333,--:--
26,DA-DR Germania FM,Zugspitze,RU,RU,,438.850000,DUP-,7.600000,FM,,OFF,88.5Hz,YES,Approximate,47.437500,10.958333,--:--
27,F Francia FM,Nurieux,R1a,R1a,,145.637500,DUP-,0.600000,FM,,OFF,88.5Hz,YES,Approximate,46.187500,5.458333,--:--
27,F Francia FM,Ajaccio ( Corse),R1a,R1a,,145.637500,DUP-,0.600000,FM,88.5,OFF,88.5Hz,YES,Approximate,41.937500,8.708333,--:--
27,F Francia FM,Echirolles,R2,R2,,145.650000,DUP-,0.600000,FM,,OFF,88.5Hz,YES,Approximate,45.145833,5.708333,--:--
27,F Francia FM,Peille,R3,R3,,145.675000,DUP-,0.600000,FM,,OFF,88.5Hz,YES,Approximate,43.770833,7.458333,--:--
27,F Francia FM,St-Etienne-L.O,R4,R4,,145.700000,DUP-,0.600000,FM,,OFF,88.5Hz,YES,Approximate,44.104167,5.791667,--:--
27,F Francia FM,Rutali (Corse),R4a,R4a,,145.712500,DUP-,0.600000,FM,,OFF,88.5Hz,YES,Approximate,42.562500,9.375000,--:--
27,F Francia FM,Sollies-Toucas,R5,R5,,145.725000,DUP-,0.600000,FM,74.4,TONE,74.4Hz,YES,Approximate,43.187500,5.958333,--:--
27,F Francia FM,Patrimonio (Corse),R5a,R5a,,145.737500,DUP-,0.600000,FM,,OFF,88.5Hz,YES,Approximate,42.687500,9.375000,--:--
27,F Francia FM,Antibes,R6,R6,,145.750000,DUP-,0.600000,FM,,OFF,88.5Hz,YES,Approximate,43.895833,7.125000,--:--
27,F Francia FM,Briancon,R7a,R7a,,145.787500,DUP-,0.600000,FM,,OFF,88.5Hz,YES,Approximate,44.895833,6.625000,--:--
27,F Francia FM,St-Vallier de Thiey,RU3,RU3,,430.075000,DUP+,1.600000,FM,,OFF,88.5Hz,YES,Approximate,43.687500,6.875000,--:--
27,F Francia FM,Risoul,RU4,RU4,,430.100000,DUP+,1.600000,FM,,OFF,88.5Hz,YES,Approximate,44.604167,6.625000,--:--
27,F Francia FM,Briancon,RU5,RU5,,430.125000,DUP+,1.600000,FM,,OFF,88.5Hz,YES,Approximate,44.895833,6.625000,--:--
27,F Francia FM,Apremont,RU,RU,,430.150000,DUP+,9.400000,FM,,OFF,88.5Hz,YES,Approximate,46.187500,5.625000,--:--
27,F Francia FM,Corte (Corse),RU6,RU6,,430.150000,DUP+,9.400000,FM,,OFF,88.5Hz,YES,Approximate,42.395833,9.208333,--:--
27,F Francia FM,Crozet ,RU9rev,RU9rev,,430.225000,DUP+,9.400000,FM,67.0,TONE,67.0Hz,YES,Approximate,46.270833,5.958333,--:--
27,F Francia FM,Forest St-Julien,RU10,RU10,,430.250000,DUP+,9.400000,FM,,OFF,88.5Hz,YES,Approximate,44.645833,6.125000,--:--
27,F Francia FM,Patrimonio (Corse),RU10,RU10,,430.250000,DUP+,1.600000,FM,,OFF,88.5Hz,YES,Approximate,42.687500,9.375000,--:--
27,F Francia FM,Eze,RU11,RU11,,430.275000,DUP+,1.600000,FM,,OFF,88.5Hz,YES,Approximate,43.729167,7.291667,--:--
27,F Francia FM,St.Jeannet,RU14,RU14,,430.350000,DUP+,9.400000,FM,,OFF,88.5Hz,YES,Approximate,43.729167,7.125000,--:--
27,F Francia FM,St-Etienne-L.O,RU12rev,RU12rev,,431.900000,DUP-,1.600000,FM,,OFF,88.5Hz,YES,Approximate,44.104167,5.791667,--:--
27,F Francia FM,Chamrousse,RU13rev,RU13rev,,431.925000,DUP-,1.600000,FM,,OFF,88.5Hz,YES,Approximate,45.145833,5.875000,--:--
27,F Francia FM,Echirolles,RU24rev,RU24rev,,433.025000,DUP-,1.600000,FM,,OFF,88.5Hz,YES,Approximate,45.145833,5.708333,--:--
27,F Francia FM,Gap,RU,RU,,433.150000,DUP-,1.600000,FM,,OFF,88.5Hz,YES,Approximate,44.479167,6.208333,--:--
27,F Francia FM,Le Monetier,RU,RU,,434.850000,DUP-,1.600000,FM,,OFF,88.5Hz,YES,Approximate,45.020833,6.375000,--:--
28,4O Montenegro FM,Podgorica,R0,R0,,145.600000,DUP-,0.600000,FM,79.7,TONE,79.7Hz,YES,Approximate,42.479167,19.291667,--:--
28,4O Montenegro FM,Herceg Novi,R0,R0,,145.600000,DUP-,0.600000,FM,,OFF,88.5Hz,YES,Approximate,42.437500,18.541667,--:--
28,4O Montenegro FM,Stabljak Stuoc ,R1a,R1a,,145.637500,DUP-,0.600000,FM,77.0,TONE,77.0Hz,YES,Approximate,43.187500,19.041667,--:--
28,4O Montenegro FM,Herceg Novi,R5,R5,,145.725000,DUP-,0.600000,FM,,OFF,88.5Hz,YES,Approximate,42.437500,18.541667,--:--
28,4O Montenegro FM,Herceg Novi,RU,RU,,438.600000,DUP-,7.600000,FM,,OFF,88.5Hz,YES,Approximate,42.437500,18.541667,--:--
28,4O Montenegro FM,Lovcen Stirovnik,RU,RU,,438.675000,DUP-,7.600000,FM, ,OFF,88.5Hz,YES,Approximate,42.395833,18.791667,--:--
28,4O Montenegro FM,Herceg Novi,RU,RU,,438.725000,DUP-,7.600000,FM,,OFF,88.5Hz,YES,Approximate,42.437500,18.541667,--:--
28,4O Montenegro FM,Herceg Novi,RU,RU,,438.775000,DUP-,7.600000,FM,,OFF,88.5Hz,YES,Approximate,42.437500,18.541667,--:--
